date,CG-OPEN,CG-CLOSE,CON-OPEN,CON-CLOSE
7/1/2010,258496,259594,693996,695730
7/2/2010,259618,260250,695744,696834
7/3/2010,260252,260374,696836,696970
7/4/2010,260374,260374,696970,696970
7/5/2010,260734,260734,696970,696970
7/6/2010,260390,261598,697036,698838
7/7/2010,261610,262770,698846,700632
7/8/2010,262798,263972,700670,702330
7/9/2010,263992,264592,702340,703388
7/10/2010,264678,264900,703392,703730
7/11/2010,264908,265304,703732,704246
7/12/2010,265330,266664,704268,706274
7/13/2010,266682,268028,706290,708098
7/14/2010,268038,269310,708108,709804
7/15/2010,269326,270638,709812,711530
7/16/2010,270656,271340,711534,712450
7/17/2010,271342,271510,712452,712772
7/18/2010,271514,271912,712774,713160
7/19/2010,271928,273260,713172,715030
7/20/2010,273264,274426,715034,716764
7/21/2010,274460,275706,716774,718550
7/22/2010,275726,276922,718558,720184
7/23/2010,276946,277648,720200,721254
7/24/2010,277650,277878,721256,721570
7/25/2010,277880,278230,721572,722038
7/26/2010,278256,279450,722052,723828
7/27/2010,279464,280646,723842,725796
7/28/2010,280672,282042,725806,727798
7/29/2010,282062,283332,727812,729794
7/30/2010,283354,283954,729804,730808
7/31/2010,,,,
8/1/2010,,,,
8/2/2010,283968,284624,730820,731840
8/3/2010,284638,285304,731862,732848
8/4/2010,285316,286002,732878,733870
8/5/2010,286014,286622,733896,734894
8/6/2010,286650,287170,735000,735914
8/7/2010,287170,287170,735914,735914
8/8/2010,287170,287170,735914,735914
8/9/2010,287234,287974,735946,736984
8/10/2010,287986,288748,736992,738202
8/11/2010,288764,289672,738224,739498
8/12/2010,289694,290738,739508,740708
8/13/2010,290754,291334,740722,741666
8/14/2010,291334,291334,741666,741666
8/15/2010,291334,291334,741666,741666
8/16/2010,291360,292324,741678,743564
8/17/2010,292348,293408,743568,745398
8/18/2010,293424,294704,745416,747644
8/19/2010,294726,296224,747666,750564
8/20/2010,296246,297704,750584,753404
8/21/2010,297706,298398,753406,754874
8/22/2010,298402,299564,754876,757528
8/23/2010,299586,305418,757534,767090
8/24/2010,305432,310480,767150,776128
8/25/2010,310512,315018,776236,784700
8/26/2010,315036,319460,784714,792260
8/27/2010,319488,322382,792408,797632
8/28/2010,322390,323178,797642,799218
8/29/2010,323180,324430,799220,801668
8/30/2010,324446,329282,801788,810286
8/31/2010,329296,333936,810446,818748
9/1/2010,333964,338670,818880,826780
9/2/2010,338690,342902,826956,833930
9/3/2010,342914,345296,834050,838010
9/4/2010,345314,345728,838012,838546
9/5/2010,345736,346116,838548,839184
9/6/2010,346116,346116,839184,839184
9/7/2010,346162,350962,839204,847738
9/8/2010,350984,355698,848008,856022
9/9/2010,355712,360170,856218,863630
9/10/2010,360188,363202,863804,868654
9/11/2010,363212,363870,868656,870088
9/12/2010,363882,365176,870090,872544
9/13/2010,365194,370506,872832,881564
9/14/2010,370542,375620,881922,890144
9/15/2010,375650,380460,890488,898720
9/16/2010,380482,384854,899276,906276
9/17/2010,384872,387568,906564,910744
9/18/2010,387592,388378,910746,912232
9/19/2010,388390,389672,912234,914898
9/20/2010,389692,394846,915226,923722
9/21/2010,394860,399798,924066,932598
9/22/2010,399816,404492,935800,940800
9/23/2010,404518,408898,941202,948250
9/24/2010,408914,411634,948466,952708
9/25/2010,411666,412580,952712,954346
9/26/2010,412596,413632,954348,956682
9/27/2010,413648,418562,956938,964936
9/28/2010,418582,423170,965248,972866
9/29/2010,423198,427708,973268,981220
9/30/2010,427732,431904,981490,988450
10/1/2010,431914,434520,988722,993076
10/2/2010,434422,435216,993078,994458
10/3/2010,435218,436616,994460,997500
10/4/2010,436646,441670,997808,1004860
10/5/2010,441682,446472,6698,14884
10/6/2010,446500,451442,15664,23870
10/7/2010,451474,455994,24334,31550
10/8/2010,456016,458194,31812,35202
10/9/2010,458194,458484,35204,35620
10/10/2010,458498,458746,35722,36034
10/11/2010,458792,459540,36070,37198
10/12/2010,459570,461120,37216,39798
10/13/2010,461138,465814,40048,47500
10/14/2010,465830,470062,47864,55120
10/15/2010,470074,472894,55396,59384
10/16/2010,472906,473672,59836,61190
10/17/2010,473718,475010,61192,63864
10/18/2010,475028,479772,64248,72588
10/19/2010,479802,484882,73068,81564
10/20/2010,484916,489694,81964,90446
10/21/2010,489716,494266,90848,97910
10/22/2010,494294,497144,98192,102652
10/23/2010,497146,497960,102654,103896
10/24/2010,497966,499184,103898,106398
10/25/2010,499228,504100,106694,114620
10/26/2010,504130,508810,114700,122928
10/27/2010,508828,513404,123308,131540
10/28/2010,513432,518062,131552,138660
10/29/2010,518090,521080,138844,143520
10/30/2010,521082,521832,143526,144822
10/31/2010,521834,522966,144828,147110
11/1/2010,522994,527778,147336,155468
11/2/2010,527802,532842,155862,164416
11/3/2010,532868,537880,164764,173220
11/4/2010,537910,542540,173730,181460
11/5/2010,542566,545594,181728,186480
11/6/2010,545598,546468,186488,188048
11/7/2010,546470,547844,188054,190796
11/8/2010,547868,552984,191060,199660
11/9/2010,553008,558106,199974,208644
11/10/2010,558124,563396,209082,217150
11/11/2010,563420,568136,217534,224650
11/12/2010,568156,571136,224898,229500
11/13/2010,571138,572076,229502,230998
11/14/2010,572078,573436,231002,233684
11/15/2010,573436,578442,234056,242918
11/16/2010,578462,583230,243304,251568
11/17/2010,583258,588448,252020,260370
11/18/2010,588286,592834,260858,268270
11/19/2010,592854,595750,268338,273220
11/20/2010,595752,596646,273224,274832
11/21/2010,596650,598056,274834,277562
11/22/2010,598086,602766,277836,286064
11/23/2010,602804,606252,286396,292030
11/24/2010,606308,606784,292080,292900
11/25/2010,606784,606784,292900,292900
11/26/2010,606784,606784,292900,292900
11/27/2010,606794,607132,292902,293330
11/28/2010,607134,608178,293360,295336
11/29/2010,608214,613434,295604,305660
11/30/2010,613450,618816,305710,314986
12/1/2010,618874,624426,315000,325650
12/2/2010,624466,629758,326406,335170
12/3/2010,629788,632882,335532,340478
12/4/2010,632884,633970,340480,342266
12/5/2010,633972,635704,342270,346078
12/6/2010,635738,641238,346786,356568
12/7/2010,641272,644594,357002,364398
12/8/2010,644630,648494,364450,373300
12/9/2010,648516,652056,373954,380520
12/10/2010,652046,654490,380946,385622
12/11/2010,654494,655528,385624,387592
12/12/2010,655530,656706,387594,390124
12/13/2010,656736,659802,390444,396684
12/14/2010,659840,661816,396880,400606
12/15/2010,661844,662582,400644,402498
12/16/2010,662610,662908,402504,403300
12/17/2010,662942,663738,403306,404290
12/18/2010,663738,663738,404290,404290
12/19/2010,663738,663738,404290,404290
12/20/2010,663358,663860,404298,405366
12/21/2010,663884,664352,405372,406208
12/22/2010,664392,664746,406220,406872
12/23/2010,664766,665002,406884,407398
12/24/2010,665002,665002,407398,407398
12/25/2010,665002,665002,407398,407398
12/26/2010,665002,665002,407398,407398
12/27/2010,665002,665002,407398,407398
12/28/2010,665002,665002,407398,407398
12/29/2010,665002,665002,407398,407398
12/30/2010,665002,665002,407398,407398
12/31/2010,665002,665002,407398,407398
1/1/2011,,,,
1/2/2011,,,,
1/3/2011,665046,665648,407904,408584
1/4/2011,665686,666320,408594,409828
1/5/2011,666348,667014,409850,411492
1/6/2011,667054,667784,411530,413242
1/7/2011,667804,668572,413256,415018
1/8/2011,668584,668944,415020,415728
1/9/2011,668958,669516,415730,416970
1/10/2011,669548,673250,416988,423628
1/11/2011,673250,673250,423628,423628
1/12/2011,673324,677674,423652,431420
1/13/2011,677696,681720,431488,438500
1/14/2011,681736,684334,438572,442876
1/15/2011,684362,684784,442878,443760
1/16/2011,684804,685242,443762,444564
1/17/2011,685242,685242,444564,444564
1/18/2011,685282,690232,444582,452680
1/19/2011,690242,694652,452834,460034
1/20/2011,694676,698826,460176,466896
1/21/2011,698842,701712,467048,471618
1/22/2011,701754,702570,471620,472958
1/23/2011,702606,703522,473980,474808
1/24/2011,703542,708224,474932,482734
1/25/2011,708248,712632,482912,490264
1/26/2011,712650,716850,490418,497520
1/27/2011,716872,721038,497550,504640
1/28/2011,721060,723706,504700,509206
1/29/2011,723720,724404,509208,510570
1/30/2011,724412,725524,510572,512788
1/31/2011,725542,730222,512986,520754
2/1/2011,730260,735212,520972,528552
2/2/2011,735234,739878,528852,536600
2/3/2011,739906,744578,536864,543690
2/4/2011,744606,746998,543882,548230
2/5/2011,747008,747718,548232,549668
2/6/2011,747714,748704,549670,551634
2/7/2011,748716,753342,551852,559604
2/8/2011,753368,758096,559938,567652
2/9/2011,758122,762868,568168,576070
2/10/2011,762944,766956,576286,583160
2/11/2011,766972,769840,583292,588138
2/12/2011,769842,770626,588140,589734
2/13/2011,770680,771640,589736,592050
2/14/2011,771678,776036,592236,599344
2/15/2011,776058,780722,599586,607472
2/16/2011,780740,785400,607716,615034
2/17/2011,785420,789640,615268,621980
2/18/2011,789656,792330,622190,626592
2/19/2011,792336,793704,626584,627900
2/20/2011,793202,794626,627902,630500
2/21/2011,794660,799358,630758,638698
2/22/2011,799390,803746,638978,647076
2/23/2011,803770,808658,647332,655150
2/24/2011,808678,813082,655518,662760
2/25/2011,813114,815812,662996,667324
2/26/2011,815822,816636,667326,668806
2/27/2011,816646,817842,668808,671288
2/28/2011,817870,822760,671510,679422
3/1/2011,822778,827640,679690,687842
3/2/2011,827666,832510,688134,695930
3/3/2011,832558,836898,696366,703080
3/4/2011,836930,839360,703352,707010
3/5/2011,839366,839604,707012,707422
3/6/2011,839606,839788,707424,707730
3/7/2011,839796,840446,707744,708790
3/8/2011,840464,841488,708818,710050
3/9/2011,841516,842326,710068,711338
3/10/2011,842348,842988,711368,712508
3/11/2011,843026,843818,712534,712950
3/12/2011,843824,844132,712970,714240
3/13/2011,844140,844922,714242,715554
3/14/2011,844964,849366,715556,723200
3/15/2011,849398,853798,723494,730720
3/16/2011,853816,858450,730970,738150
3/17/2011,858472,862516,738434,744900
3/18/2011,862540,865162,745130,749240
3/19/2011,865168,866004,749248,750592
3/20/2011,866008,867184,750594,752974
3/21/2011,867204,871938,753240,761488
3/22/2011,871966,876558,761788,769388
3/23/2011,876584,881238,769682,776900
3/24/2011,881254,885648,777194,784100
3/25/2011,885674,888642,784340,788906
3/26/2011,888646,889428,788908,790300
3/27/2011,889436,890682,790302,792742
3/28/2011,890706,895298,792994,801022
3/29/2011,895320,900008,801418,809178
3/30/2011,900032,904326,809488,816980
3/31/2011,904342,908424,817340,824300
4/1/2011,908440,911150,824592,829368
4/2/2011,911152,912126,829370,831180
4/3/2011,912132,913384,831182,833758
4/4/2011,913404,918172,834100,841656
4/5/2011,918194,922940,841990,850112
4/6/2011,922954,927734,850462,858500
4/7/2011,927750,931990,858592,865550
4/8/2011,932014,934960,865780,870218
4/9/2011,934970,935812,870220,871582
4/10/2011,935822,937270,871590,874576
4/11/2011,937284,942186,874666,882310
4/12/2011,942216,947034,882690,890708
4/13/2011,947058,952028,891084,898810
4/14/2011,952066,956262,899176,906100
4/15/2011,956272,959292,906112,910790
4/16/2011,959308,960152,910792,912466
4/17/2011,960158,961804,912468,915736
4/18/2011,961832,967190,916092,924242
4/19/2011,967240,972438,924740,933132
4/20/2011,972452,977698,933678,942120
4/21/2011,977730,981946,942666,948956
4/22/2011,981946,981946,948956,948956
4/23/2011,981972,982396,948960,949650
4/24/2011,982400,983354,949652,951512
4/25/2011,983386,988716,952004,960850
4/26/2011,988748,992956,961534,969158
4/27/2011,992978,996348,969538,976852
4/28/2011,996386,1000678,977578,985320
4/29/2011,710,3406,985998,986400
4/30/2011,3446,4652,986402,992814
5/1/2011,4678,6516,992814,996278
5/2/2011,6534,10196,997026,1003596
5/3/2011,10234,12790,4048,8940
5/4/2011,12802,14606,9142,12302
5/5/2011,14620,15622,12330,14218
5/6/2011,15666,16414,14258,15430
5/7/2011,16414,16414,15430,15430
5/8/2011,16414,16414,15430,15430
5/9/2011,16744,17134,15734,17028
5/10/2011,17208,18116,17056,18376
5/11/2011,18148,18760,18392,19620
5/12/2011,18796,19406,19678,20860
5/13/2011,19432,20186,20888,21990
5/14/2011,20186,20186,21990,21990
5/15/2011,20186,20186,21990,21990
5/16/2011,20222,21032,22002,23246
5/17/2011,21054,21668,23266,24530
5/18/2011,21698,22406,24552,25774
5/19/2011,22424,23122,24802,27172
5/20/2011,23246,23894,27186,28264
5/21/2011,23918,24028,28268,28450
5/22/2011,24048,24170,28452,28692
5/23/2011,24222,25640,28742,31554
5/24/2011,25672,26948,31570,34034
5/25/2011,26966,28334,34072,36394
5/26/2011,28360,29654,36408,38568
5/27/2011,29680,30288,38580,39774
5/28/2011,30296,30420,39776,40090
5/29/2011,30436,30704,40092,40542
5/30/2011,30712,31742,40556,42306
5/31/2011,31780,33124,42334,44834
6/1/2011,32950,34484,44860,47344
6/2/2011,34530,35778,47396,49620
6/3/2011,35796,36602,49668,50930
6/4/2011,36622,36848,50932,51422
6/5/2011,36872,37166,51424,51880
6/6/2011,37210,38760,51890,54354
6/7/2011,38780,40522,54382,56776
6/8/2011,40552,41846,56802,59212
6/9/2011,41872,43122,59226,61796
6/10/2011,43148,43822,61824,63268
6/11/2011,43832,44038,63270,63630
6/12/2011,44052,44554,63632,64938
6/13/2011,44586,46064,64422,67094
6/14/2011,46088,47478,62114,69764
6/15/2011,47502,48900,69690,72188
6/16/2011,48930,50272,72246,75058
6/17/2011,50288,51028,75074,76490
6/18/2011,51048,51250,76492,76864
6/19/2011,51272,51554,76868,77414
6/20/2011,51580,52984,77432,80012
6/21/2011,53016,54376,80028,82636
6/22/2011,54414,55916,82658,85454
6/23/2011,55966,57120,85476,88314
6/24/2011,57142,58052,88338,90100
6/25/2011,58062,58288,90102,90460
6/26/2011,58332,58562,90462,90778
6/27/2011,58590,59948,90790,93496
6/28/2011,59978,61348,93518,95998
6/29/2011,61372,62698,96012,98086
6/30/2011,62728,63978,98120,100286
7/1/2011,63990,64726,100294,101410
7/2/2011,64738,64872,101414,101676
7/3/2011,64886,64994,101678,101852
7/4/2011,64994,64994,101852,101852
7/5/2011,65048,66304,101866,103898
7/6/2011,66332,67530,103920,105992
7/7/2011,67556,68688,106010,107894
7/8/2011,68724,69434,107912,109106
7/9/2011,69444,69646,109108,109500
7/10/2011,69674,70004,109502,109988
7/11/2011,70034,71256,109998,112132
7/12/2011,71292,72496,112158,114178
7/13/2011,72516,73716,114218,116158
7/14/2011,73744,74970,116178,118062
7/15/2011,74980,75646,118080,119188
7/16/2011,75654,75858,119190,119522
7/17/2011,75868,76216,119524,120012
7/18/2011,76736,77514,120028,122034
7/19/2011,77526,78858,122050,124064
7/20/2011,78878,80134,124074,126142
7/21/2011,80148,81372,126158,128106
7/22/2011,81398,82150,128118,129368
7/23/2011,82182,82506,129370,129788
7/24/2011,82516,82890,129792,130294
7/25/2011,82896,84220,130306,132636
7/26/2011,84244,85644,132652,134862
7/27/2011,85680,87014,134878,136964
7/28/2011,87040,88560,136980,139166
7/29/2011,88644,89518,139192,140500
7/30/2011,89566,89844,140504,140962
7/31/2011,89900,90226,140964,141442
8/1/2011,90250,91548,141442,143786
8/2/2011,91576,92202,143882,145110
8/3/2011,92222,92864,145132,146320
8/4/2011,92886,93624,146332,147634
8/5/2011,93650,94242,147654,148810
8/6/2011,94242,94242,148810,148810
8/7/2011,94242,94242,148810,148810
8/8/2011,94272,95058,148874,150478
8/9/2011,95084,95908,150500,151986
8/10/2011,95928,96738,152002,153320
8/11/2011,96756,97526,153332,154734
8/12/2011,97540,98224,154744,155960
8/13/2011,98224,98224,155964,155964
8/14/2011,98224,98224,155964,155964
8/15/2011,98250,99424,155986,158344
8/16/2011,99442,100586,158366,160638
8/17/2011,100614,102148,160712,163202
8/18/2011,102174,103848,163222,166462
8/19/2011,103886,105480,166470,169316
8/20/2011,105486,106360,169318,170888
8/21/2011,106374,107806,170928,173396
8/22/2011,107830,114492,173520,183734
8/23/2011,114510,120278,183792,193678
8/24/2011,120290,125614,193738,203100
8/25/2011,125632,130280,203238,211256
8/26/2011,130288,133456,211334,216650
8/27/2011,133464,134318,216652,217960
8/28/2011,134328,135642,217964,220154
8/29/2011,135664,140720,220250,229044
8/30/2011,140742,145580,229148,237090
8/31/2011,145592,150694,237216,245450
9/1/2011,150714,155352,245628,252762
9/2/2011,155362,157998,252870,257456
9/3/2011,158028,158472,257458,258152
9/4/2011,158478,158852,258154,258752
9/5/2011,158852,158852,258752,258752
9/6/2011,158884,163640,258752,267018
9/7/2011,163658,168762,267216,275752
9/8/2011,168774,173286,275968,283488
9/9/2011,173298,176718,283662,288808
9/10/2011,176816,177670,288810,290412
9/11/2011,177684,178912,290414,292822
9/12/2011,178956,184520,293012,302018
9/13/2011,184522,189510,302288,310838
9/14/2011,189544,194714,311080,319530
9/15/2011,194732,199168,319940,327442
9/16/2011,199178,202660,327620,332868
9/17/2011,202670,203476,332870,334294
9/18/2011,203480,204808,334296,336688
9/19/2011,204816,210080,336952,345678
9/20/2011,210116,215020,346044,354466
9/21/2011,215034,220672,354786,363800
9/22/2011,220698,225056,364176,371598
9/23/2011,225082,228622,371820,376660
9/24/2011,228034,228904,376664,378200
9/25/2011,229916,230218,378202,380628
9/26/2011,230238,235078,380822,389078
9/27/2011,235106,239856,389316,397298
9/28/2011,239882,244944,397612,405910
9/29/2011,245110,249664,406196,413558
9/30/2011,249680,252728,413780,418670
10/1/2011,252734,253532,418672,420180
10/2/2011,253546,254992,420182,422624
10/3/2011,255008,260368,422904,431888
10/4/2011,260390,265658,432722,440652
10/5/2011,265676,271094,441092,449500
10/6/2011,271148,275766,449992,457084
10/7/2011,275780,278224,457276,460856
10/8/2011,278234,278456,460858,461270
10/9/2011,278482,278772,461272,461750
10/10/2011,278808,279506,461762,462994
10/11/2011,279540,280732,462998,465014
10/12/2011,280754,285694,465162,473300
10/13/2011,285712,289818,473584,480438
10/14/2011,289840,293080,480636,485420
10/15/2011,293086,293920,485420,486754
10/16/2011,293930,295988,486756,489166
10/17/2011,295320,300588,489398,497728
10/18/2011,300604,305224,498052,505724
10/19/2011,305746,311020,505980,514220
10/20/2011,311032,315634,514596,521774
10/21/2011,315638,318620,521996,526800
10/22/2011,318626,319588,526802,528284
10/23/2011,319604,320864,528286,530628
10/24/2011,320884,326172,530868,539154
10/25/2011,326206,331318,539486,547688
10/26/2011,331332,336744,547982,556050
10/27/2011,336784,341188,556606,564024
10/28/2011,341212,344310,564248,569154
10/29/2011,344314,344990,569156,570640
10/30/2011,345004,346278,570644,572832
10/31/2011,346306,351728,573042,581672
11/1/2011,351746,356836,581818,590198
11/2/2011,356842,362238,590562,599300
11/3/2011,362238,365282,599854,607628
11/4/2011,366988,370230,607862,613130
11/5/2011,370236,371078,613132,614620
11/6/2011,371102,372666,614622,617188
11/7/2011,372696,378126,617510,620168
11/8/2011,378154,383288,626450,634456
11/9/2011,383304,388844,634730,642840
11/10/2011,388898,393540,643334,650902
11/11/2011,393566,396698,651146,656376
11/12/2011,396722,397550,656380,657918
11/13/2011,397560,399052,657924,660398
11/14/2011,399070,404326,660674,668998
11/15/2011,404352,409344,669382,677596
11/16/2011,409368,414196,677980,685960
11/17/2011,414224,418838,686316,693946
11/18/2011,418868,422144,694224,699312
11/19/2011,422164,423214,699314,700984
11/20/2011,423224,424874,700990,703638
11/21/2011,424906,429760,703922,711548
11/22/2011,429780,432958,711758,716064
11/23/2011,432986,433504,716880,717750
11/24/2011,433504,433504,717750,717750
11/25/2011,433504,433504,717750,717750
11/26/2011,433520,433748,717760,718100
11/27/2011,433764,434770,718104,719868
11/28/2011,434798,440326,720120,728924
11/29/2011,440352,445994,729342,738760
11/30/2011,446022,452306,739182,748850
12/1/2011,452330,457626,749794,758664
12/2/2011,457646,461048,758592,764352
12/3/2011,461062,462214,764356,766312
12/4/2011,462332,464262,766316,769980
12/5/2011,464288,469698,770682,779320
12/6/2011,469764,473592,779674,786704
12/7/2011,473640,477656,787420,794700
12/8/2011,477680,481454,795444,801860
12/9/2011,481464,484164,802186,806628
12/10/2011,484206,485358,806628,809026
12/11/2011,485368,486898,809030,812034
12/12/2011,486918,490190,812498,818764
12/13/2011,490222,491818,819084,822102
12/14/2011,491832,492700,822110,823614
12/15/2011,492816,493534,823620,825104
12/16/2011,493558,494118,825110,826100
12/17/2011,494118,494118,826100,826100
12/18/2011,494118,494118,826100,826100
12/19/2011,494154,494742,826218,827530
12/20/2011,494768,495268,827548,828562
12/21/2011,495302,495652,828582,829584
12/22/2011,495668,496116,829598,830420
12/23/2011,496132,496428,830442,831024
12/24/2011,496428,496428,831024,831024
12/25/2011,496428,496428,831024,831024
12/26/2011,496428,496428,831024,831024
12/27/2011,496428,496428,831024,831024
12/28/2011,496428,496428,831024,831024
12/29/2011,496428,496428,831024,831024
12/30/2011,496428,496428,831024,831024
12/31/2011,496428,496428,831024,831024
1/1/2012,496428,496428,831024,831024
1/2/2012,496428,496428,831024,831024
1/3/2012,496428,497076,831164,832520
1/4/2012,497092,497886,832548,834090
1/5/2012,497908,498802,834148,835774
1/6/2012,498816,499726,835778,837730
1/7/2012,499752,500202,837734,838620
1/8/2012,500218,500942,838626,839856
1/9/2012,500958,506088,839872,848454
1/10/2012,506108,510886,848508,856062
1/11/2012,510902,515496,856138,863380
1/12/2012,515516,519504,863478,870034
1/13/2012,519518,522308,870320,875028
1/14/2012,522338,522770,875036,875914
1/15/2012,522786,523368,875918,876704
1/16/2012,523368,523368,876714,884172
1/17/2012,523380,528086,884316,891914
1/18/2012,528100,533056,892018,895600
1/19/2012,533068,537232,895700,898998
1/20/2012,537246,540148,899146,903834
1/21/2012,540158,540904,903836,905094
1/22/2012,540916,542036,905098,907144
1/23/2012,542048,547038,907278,915276
1/24/2012,547078,551872,915474,922782
1/25/2012,551884,556646,922966,930380
1/26/2012,556684,560884,930588,936906
1/27/2012,560898,564040,937060,941700
1/28/2012,564066,564970,941706,943160
1/29/2012,564986,566414,943166,945608
1/30/2012,566432,571718,945788,953774
1/31/2012,571732,576672,954054,961788
2/1/2012,576700,581770,963020,969720
2/2/2012,581806,586202,970090,977144
2/3/2012,586228,589104,977310,981926
2/4/2012,589110,589890,981930,983312
2/5/2012,589904,590870,983318,985194
2/6/2012,590890,595934,985354,993448
2/7/2012,595958,600734,993716,1001478
2/8/2012,600758,605812,1748,9898
2/9/2012,605834,610336,10166,21412
2/10/2012,610358,613376,21578,22320
2/11/2012,613406,614268,22328,23890
2/12/2012,614278,615512,23896,26254
2/13/2012,615544,620496,26448,34218
2/14/2012,620518,625244,34480,41584
2/15/2012,625260,630172,41794,49460
2/16/2012,630194,634704,49728,56872
2/17/2012,634726,637918,57092,61938
2/18/2012,637928,638828,61944,63438
2/19/2012,638838,639646,63444,65008
2/20/2012,639710,644144,65048,72248
2/21/2012,644150,649424,72294,80674
2/22/2012,649444,654920,81018,89120
2/23/2012,654946,659498,89444,96428
2/24/2012,659514,662582,96628,101340
2/25/2012,662594,663570,101348,103116
2/26/2012,663580,665020,103132,105662
2/27/2012,665048,670344,105912,114526
2/28/2012,670364,675658,114790,123014
2/29/2012,675668,681084,123450,131800
3/1/2012,681110,685496,132170,138910
3/2/2012,685514,687912,139096,142960
3/3/2012,687926,688220,142970,143460
3/4/2012,688238,688456,143468,143818
3/5/2012,688474,689200,143844,144884
3/6/2012,689246,689946,144906,146048
3/7/2012,689990,690698,146062,147272
3/8/2012,690736,691430,147280,148350
3/9/2012,691434,692052,148366,149360
3/10/2012,692056,692296,149370,149816
3/11/2012,692312,693098,149820,151074
3/12/2012,693114,697982,151210,158392
3/13/2012,697996,702614,158620,165494
3/14/2012,702690,707784,165886,173250
3/15/2012,707828,712348,173616,180416
3/16/2012,712374,715806,180358,184910
3/17/2012,715818,716642,184920,186200
3/18/2012,716654,718160,186210,188564
3/19/2012,718190,723472,188866,196854
3/20/2012,723510,728462,197396,204862
3/21/2012,728486,733780,205096,212950
3/22/2012,733802,738268,213182,219984
3/23/2012,738306,741368,220152,224670
3/24/2012,741380,742198,224678,225980
3/25/2012,742206,743690,225990,228262
3/26/2012,743706,749164,228476,236646
3/27/2012,749190,754408,237022,245154
3/28/2012,754426,759676,245524,253530
3/29/2012,759714,764578,253874,260630
3/30/2012,764612,767796,260852,265454
3/31/2012,767810,768958,265460,267524
4/1/2012,768974,770578,267530,269990
4/2/2012,770596,776198,270244,278386
4/3/2012,776218,781494,278764,286278
4/4/2012,781514,786904,286622,294530
4/5/2012,786928,790652,294836,300480
4/6/2012,790652,790652,300480,300480
4/7/2012,790736,791122,300522,301162
4/8/2012,791156,792200,301166,302298
4/9/2012,792222,797590,302518,310434
4/10/2012,797618,802948,310736,318718
4/11/2012,803006,808688,319054,327520
4/12/2012,808726,813484,327872,335252
4/13/2012,813512,816760,335570,340470
4/14/2012,816804,819066,340476,342280
4/15/2012,819101,820868,342288,345114
4/16/2012,820890,826586,345474,353962
4/17/2012,826614,832442,354466,362988
4/18/2012,832470,838510,363438,372710
4/19/2012,838542,844214,373458,381466
4/20/2012,844234,847482,381732,386406
4/21/2012,848614,849500,386410,388080
4/22/2012,849508,850540,388088,391144
4/23/2012,850584,856736,391698,401234
4/24/2012,856772,861708,401768,409434
4/25/2012,861744,866046,409804,416740
4/26/2012,866078,870386,417794,424714
4/27/2012,870414,873392,425484,429940
4/28/2012,873402,874730,429948,431766
4/29/2012,874752,876948,431782,434830
4/30/2012,876972,881064,435390,441828
5/1/2012,881092,884572,442276,447744
5/2/2012,884634,886988,448150,451890
5/3/2012,887092,888164,451892,453760
5/4/2012,888202,888882,453770,455036
5/5/2012,888882,888882,455036,455036
5/6/2012,888882,888882,455036,455036
5/7/2012,888908,889686,455098,456396
5/8/2012,889746,890396,456402,457504
5/9/2012,890420,891022,457522,458632
5/10/2012,891040,891672,458642,459752
5/11/2012,891710,892270,459762,460650
5/12/2012,892270,892270,460650,460650
5/13/2012,892270,892270,460650,460650
5/14/2012,892280,892808,460658,461676
5/15/2012,892864,893544,461720,462794
5/16/2012,893528,894238,462798,463896
5/17/2012,894260,894970,463914,464950
5/18/2012,895016,895640,464972,465930
5/19/2012,895664,895772,465938,466116
5/20/2012,895788,895906,466118,466286
5/21/2012,895934,897228,466292,468474
5/22/2012,897254,898438,468490,470394
5/23/2012,898464,899592,470424,472162
5/24/2012,899604,900740,472180,473934
5/25/2012,900762,901370,473948,474890
5/26/2012,901392,901518,474892,475144
5/27/2012,901538,901758,475146,475582
5/28/2012,901778,902720,475596,476942
5/29/2012,902764,904016,476958,478904
5/30/2012,904030,905254,478922,480772
5/31/2012,905278,906558,480792,482664
6/1/2012,906586,907186,482690,483726
6/2/2012,907202,907444,483730,483992
6/3/2012,907484,907788,483996,484446
6/4/2012,907830,909088,484468,486466
6/5/2012,909116,910390,486508,488546
6/6/2012,910408,911522,488588,490552
6/7/2012,911550,912534,490572,492560
6/8/2012,912554,913200,492560,493798
6/9/2012,913212,913390,493800,494114
6/10/2012,913414,913744,494116,494544
6/11/2012,913780,915106,494566,496436
6/12/2012,915132,916400,496444,498482
6/13/2012,916440,917728,498492,500610
6/14/2012,917754,918920,500628,502560
6/15/2012,918970,919514,502594,503820
6/16/2012,919544,919758,503828,504200
6/17/2012,919774,920058,504208,504606
6/18/2012,920092,921332,504624,506992
6/19/2012,921362,922706,507008,509310
6/20/2012,922724,924068,509320,511560
6/21/2012,924102,925246,511588,513780
6/22/2012,925284,925982,513798,515432
6/23/2012,926010,926010,515432,515432
6/24/2012,926266,927428,515454,515688
6/25/2012,927458,928512,515704,517762
6/26/2012,928542,929480,517782,519484
6/27/2012,929490,929618,519504,521028
6/28/2012,929646,930674,521034,522706
6/29/2012,930694,931346,522710,523900
6/30/2012,931360,931534,523910,524158
7/1/2012,931460,931824,524164,524534
7/2/2012,931834,932808,524546,526020
7/3/2012,932842,933708,526034,527330
7/4/2012,933708,933708,527330,527330
7/5/2012,933748,934652,527330,529010
7/6/2012,934688,935236,529020,529580
7/7/2012,935242,935402,529610,529910
7/8/2012,935424,935804,529916,530358
7/9/2012,935832,936960,530370,532082
7/10/2012,936996,937932,532092,533622
7/11/2012,937952,939016,533628,535220
7/12/2012,939034,940094,535232,536782
7/13/2012,940112,940768,536788,537010
7/14/2012,940776,940954,537018,538236
7/15/2012,940968,941294,538244,538700
7/16/2012,941364,942472,538718,540334
7/17/2012,942946,943598,540342,542056
7/18/2012,943630,944778,542064,543842
7/19/2012,944804,945844,543856,545320
7/20/2012,945864,946500,545322,546370
7/21/2012,946508,946650,546378,546666
7/22/2012,946668,946958,546674,547054
7/23/2012,946986,948062,547068,548650
7/24/2012,948088,949350,548654,550362
7/25/2012,949376,950434,550374,552084
7/26/2012,950474,951538,552108,553704
7/27/2012,951558,952162,553708,554960
7/28/2012,952170,952362,554968,555300
7/29/2012,952370,952688,555308,555752
7/30/2012,952748,953490,555774,557216
7/31/2012,953544,954240,557236,558454
8/1/2012,954270,954986,558464,559502
8/2/2012,955036,955704,559526,560738
8/3/2012,955744,956280,560758,561796
8/4/2012,956280,956280,561796,561796
8/5/2012,956280,956280,561796,561796
8/6/2012,956314,957048,561800,563140
8/7/2012,957078,957682,563148,564352
8/8/2012,957708,958290,564366,565376
8/9/2012,958312,959020,565384,566500
8/10/2012,959058,959690,566508,567750
8/11/2012,959690,959690,567750,567750
8/12/2012,959690,959690,567750,567750
8/13/2012,959716,960666,567760,570400
8/14/2012,960706,961840,570410,571826
8/15/2012,961864,963332,571838,574094
8/16/2012,963374,964968,574108,577038
8/17/2012,964990,966550,577116,579970
8/18/2012,966594,967612,579980,581300
8/19/2012,967648,969018,581312,583696
8/20/2012,969056,975550,583742,593064
8/21/2012,975596,981408,593124,602134
8/22/2012,981434,986818,602218,610230
8/23/2012,986838,991750,610308,617700
8/24/2012,991778,994876,617806,622730
8/25/2012,994900,995888,622740,624266
8/26/2012,995898,997376,624274,626656
8/27/2012,997390,1003812,626754,635356
8/28/2012,3230,8384,635502,643132
8/29/2012,8398,14158,643270,651500
8/30/2012,14172,18900,651722,658800
8/31/2012,18916,22014,658944,663380
9/1/2012,22068,22522,663344,664118
9/2/2012,22556,23074,664128,664858
9/3/2012,23074,23074,664872,664872
9/4/2012,23118,28574,664872,673352
9/5/2012,28588,34020,673538,681590
9/6/2012,34038,39104,681808,689464
9/7/2012,39128,42780,689612,694950
9/8/2012,42806,43882,694960,696658
9/9/2012,43896,45676,696666,699486
9/10/2012,45698,52008,699702,708494
9/11/2012,52038,57712,708784,717098
9/12/2012,57744,63634,717308,725700
9/13/2012,63668,69040,726098,733920
9/14/2012,69058,72526,734192,739112
9/15/2012,72540,73612,739120,740052
9/16/2012,73628,75134,740060,742944
9/17/2012,75172,81048,743198,751882
9/18/2012,81080,86360,752188,760586
9/19/2012,86390,92300,760878,769420
9/20/2012,92334,97324,769802,777310
9/21/2012,97352,100566,777540,782448
9/22/2012,586,1796,782458,782968
9/23/2012,101816,103512,782978,786984
9/24/2012,103550,109664,787224,796366
9/25/2012,109716,115378,796644,805396
9/26/2012,115410,121268,805824,814250
9/27/2012,121300,126244,814576,822250
9/28/2012,126276,129602,822340,826998
9/29/2012,129612,130582,827008,828538
9/30/2012,130594,132292,828546,831168
10/1/2012,132328,138356,831422,840716
10/2/2012,138388,144208,841012,849584
10/3/2012,144220,149962,849882,858140
10/4/2012,150024,155106,858320,865960
10/5/2012,155144,158624,866264,871596
10/6/2012,158666,159824,871604,873420
10/7/2012,159838,161626,873430,876504
10/8/2012,161654,167852,876808,886418
10/9/2012,167862,174130,886752,896360
10/10/2012,174166,180398,896838,905890
10/11/2012,180424,185562,906356,913800
10/12/2012,185584,188252,914100,917640
10/13/2012,188272,188524,917650,918072
10/14/2012,188546,188842,918076,918490
10/15/2012,188876,189584,918534,919684
10/16/2012,189634,191176,919712,921898
10/17/2012,191194,196912,922046,930286
10/18/2012,196934,201684,930608,937550
10/19/2012,201706,204986,937778,942500
10/20/2012,205012,206118,942510,944248
10/21/2012,206158,207834,944360,946986
10/22/2012,207858,213908,947282,956074
10/23/2012,213934,219924,956440,964986
10/24/2012,219946,225772,965332,973450
10/25/2012,225796,231058,973968,981330
10/26/2012,231082,235622,981550,986442
10/27/2012,235640,236500,986452,987948
10/28/2012,236510,237494,987958,990850
10/29/2012,237510,243844,991152,999202
10/30/2012,243878,250190,1006,10488
10/31/2012,250234,256594,10806,19700
11/1/2012,256628,262772,20024,28520
11/2/2012,262816,266462,28936,34224
11/3/2012,266552,267526,34232,36312
11/4/2012,267862,269842,36320,39944
11/5/2012,269868,276528,40208,50252
11/6/2012,276566,282934,50658,60068
11/7/2012,282988,289542,60298,69260
11/8/2012,289568,295268,69672,77560
11/9/2012,295292,299128,77880,83484
11/10/2012,299148,300314,83490,85220
11/11/2012,300344,302098,85230,88126
11/12/2012,302124,308136,88418,97058
11/13/2012,308164,314200,97518,106384
11/14/2012,314236,320562,106746,116060
11/15/2012,320614,326332,116446,124380
11/16/2012,326368,330006,125102,130780
11/17/2012,320028,331558,130790,132866
11/18/2012,331576,333616,132876,136048
11/19/2012,333648,339704,136448,145238
11/20/2012,339736,343546,145492,151336
11/21/2012,343618,344132,151360,152250
11/22/2012,344132,344132,152250,152250
11/23/2012,344132,344132,152250,152250
11/24/2012,344144,344424,152254,152620
11/25/2012,344430,345714,152630,154990
11/26/2012,345734,352290,154996,165060
11/27/2012,352326,358870,165506,175774
11/28/2012,358906,365698,176150,186220
11/29/2012,365770,372184,186914,196620
11/30/2012,372238,376238,196990,202910
12/1/2012,376260,377970,202920,205338
12/2/2012,377980,380564,205346,209378
12/3/2012,380638,387436,209974,220114
12/4/2012,387494,392456,220526,228214
12/5/2012,392546,397012,228500,237620
12/6/2012,397064,401020,238348,245800
12/7/2012,401060,403780,246298,252110
12/8/2012,403828,405120,252120,255180
12/9/2012,405132,406676,255790,258994
12/10/2012,406734,410360,259494,266622
12/11/2012,410404,412704,266936,271260
12/12/2012,412732,413798,271334,273396
12/13/2012,413840,414616,273420,274928
12/14/2012,414634,415186,274952,276128
12/15/2012,415186,415186,276128,276128
12/16/2012,415186,415186,276128,276128
12/17/2012,415210,415760,276128,277098
12/18/2012,415774,416346,277124,278024
12/19/2012,416386,416954,278042,279052
12/20/2012,416966,417486,279068,279842
12/21/2012,417496,417848,279874,280510
12/22/2012,417848,417848,282378,283220
12/23/2012,417848,417848,283220,283220
12/24/2012,417848,417848,283220,283220
12/25/2012,417848,417848,283220,283220
12/26/2012,417848,417848,283220,283220
12/27/2012,417848,417848,283220,283220
12/28/2012,417848,417848,283220,283220
12/29/2012,417848,417848,283220,283220
12/30/2012,417848,417848,283220,283220
12/31/2012,417848,417848,283220,283220
1/1/2013,417848,417848,0,0
1/2/2013,417848,419000,280548,281442
1/3/2013,419010,420540,281472,282358
1/4/2013,420550,421200,282396,284536
1/5/2013,421200,421200,284536,284536
1/6/2013,421200,421200,284536,284536
1/7/2013,421200,421500,284536,285004
1/8/2013,421500,421600,285112,285714
1/9/2013,421610,421700,285744,287094
1/10/2013,421712,422604,287152,289058
1/11/2013,422624,423496,289088,291110
1/12/2013,423528,423896,291118,291910
1/13/2013,423948,424586,291920,293444
1/14/2013,424610,429738,293488,302614
1/15/2013,429776,434728,302674,311534
1/16/2013,434750,439288,311604,319660
1/17/2013,439328,442964,319710,326670
1/18/2013,442970,444188,326760,329100
1/19/2013,444202,444622,329108,330142
1/20/2013,444644,445120,330150,331140
1/21/2013,445120,445120,331140,331140
1/22/2013,445120,450072,331190,340352
1/23/2013,450092,454810,340512,348972
1/24/2013,454834,459152,349104,356930
1/25/2013,459174,460580,357034,359220
1/26/2013,460586,461232,359226,360680
1/27/2013,461240,462392,360688,363328
1/28/2013,462414,467666,363468,372634
1/29/2013,467680,472284,372672,380912
1/30/2013,472310,476968,381094,389300
1/31/2013,476992,481500,389492,397720
2/1/2013,481524,484642,397898,403470
2/2/2013,484660,485456,403480,405308
2/3/2013,485476,486438,405316,407688
2/4/2013,486454,491690,407840,417304
2/5/2013,491728,496690,417556,426686
2/6/2013,496732,501932,426944,436230
2/7/2013,501966,506840,436654,445360
2/8/2013,506858,509864,445580,451036
2/9/2013,509884,510584,451038,452790
2/10/2013,510610,511848,452796,455680
2/11/2013,511870,516846,455886,465142
2/12/2013,516876,521484,465408,474754
2/13/2013,521498,526402,475038,484650
2/14/2013,526414,530748,485024,492460
2/15/2013,530766,533528,492768,497700
2/16/2013,533540,534224,497710,499300
2/17/2013,534230,535378,499310,502400
2/18/2013,535402,540624,502576,512098
2/19/2013,540654,545380,512372,521338
2/20/2013,545406,550586,521592,530550
2/21/2013,550618,554948,530892,538860
2/22/2013,554974,557768,539074,544070
2/23/2013,557780,558634,544078,545830
2/24/2013,558650,559936,545838,548812
2/25/2013,559960,565254,549102,558780
2/26/2013,565306,569772,559132,568198
2/27/2013,569792,575032,568498,577560
2/28/2013,575040,579666,577944,586500
3/1/2013,579694,582422,586864,592254
3/2/2013,582442,583638,592280,594230
3/3/2013,583640,584974,594240,597840
3/4/2013,585016,590308,598168,608232
3/5/2013,590340,595406,608690,618428
3/6/2013,595432,601004,618860,628998
3/7/2013,601032,605454,629412,637500
3/8/2013,605466,607890,637738,641900
3/9/2013,607900,608192,641910,642360
3/10/2013,608224,608422,642370,642778
3/11/2013,608450,609780,642806,643894
3/12/2013,609800,610442,643932,645100
3/13/2013,610450,611262,645128,646266
3/14/2013,611270,611884,646304,647430
3/15/2013,611890,612542,647456,648540
3/16/2013,612564,612804,648550,649024
3/17/2013,612810,613662,649036,650514
3/18/2013,613678,618596,650666,659518
3/19/2013,618616,623200,659798,668338
3/20/2013,623210,628406,668582,677880
3/21/2013,628418,630068,678306,686650
3/22/2013,630108,633008,686874,692608
3/23/2013,633016,633934,692616,694490
3/24/2013,633944,635190,694498,697636
3/25/2013,635218,640520,697908,707552
3/26/2013,640542,645488,707854,717266
3/27/2013,645512,651042,717594,727100
3/28/2013,651050,654688,727498,734094
3/29/2013,654698,654698,734094,734094
3/30/2013,654760,655136,734100,734900
3/31/2013,655146,655760,734910,736182
4/1/2013,655762,661066,736352,745994
4/2/2013,661080,665830,746408,755540
4/3/2013,665838,671116,755816,765250
4/4/2013,671126,675802,765648,774220
4/5/2013,675832,678968,774490,779962
4/6/2013,678978,680056,779970,781936
4/7/2013,680086,681396,781944,785232
4/8/2013,681426,686536,785612,794896
4/9/2013,686570,691488,795312,804244
4/10/2013,691506,696590,804684,813730
4/11/2013,696620,701006,814152,822460
4/12/2013,701016,703940,822500,827996
4/13/2013,703950,706164,828006,830360
4/14/2013,706178,707696,830370,833898
4/15/2013,707708,713070,833950,844144
4/16/2013,713096,718066,844568,853936
4/17/2013,718074,720838,854348,863500
4/18/2013,720842,725270,863932,871930
4/19/2013,725290,728068,872198,877276
4/20/2013,728078,729116,877286,878990
4/21/2013,729128,730568,879100,882458
4/22/2013,730584,735868,882808,892448
4/23/2013,735902,741198,892992,903046
4/24/2013,741218,746094,903498,913430
4/25/2013,746550,751536,914272,923980
4/26/2013,751574,754542,923998,929070
4/27/2013,754552,755496,929080,931476
4/28/2013,755510,756180,931486,935484
4/29/2013,756920,762310,936088,946244
4/30/2013,762364,766466,946786,955208
5/1/2013,766492,770002,953644,964000
5/2/2013,770020,773954,964834,973360
5/3/2013,773970,776776,974102,979514
5/4/2013,776786,777732,979528,982046
5/5/2013,777744,779248,982056,985982
5/6/2013,779256,782558,986658,994198
5/7/2013,782564,785528,994714,999984
5/8/2013,785532,788730,1368,2658
5/9/2013,788740,789000,2686,3234
5/10/2013,789010,789560,3240,3614
5/11/2013,789566,789870,3624,3700
5/12/2013,789880,789984,3704,3912
5/13/2013,789994,790356,3924,4700
5/14/2013,790372,791414,4740,5720
5/15/2013,791424,791980,5728,6472
5/16/2013,791990,792174,6480,7026
5/17/2013,792190,792676,7046,7426
5/18/2013,792682,792874,7430,7510
5/19/2013,792894,793112,7516,7640
5/20/2013,793132,794166,7656,8294
5/21/2013,794184,795232,8298,8928
5/22/2013,795244,796272,8930,9558
5/23/2013,796280,797178,9564,10070
5/24/2013,797226,797908,10072,10370
5/25/2013,797914,798066,10378,10424
5/26/2013,798098,798292,10428,10510
5/27/2013,798322,799078,10514,10592
5/28/2013,799094,800072,10598,11500
5/29/2013,800094,801260,11502,12140
5/30/2013,801266,802208,12142,12654
5/31/2013,802234,802878,12658,12980
6/1/2013,802892,803068,12986,13062
6/2/2013,803076,803276,13068,13196
6/3/2013,803298,804552,13196,13760
6/4/2013,804556,805638,13762,14340
6/5/2013,805650,806694,14342,14918
6/6/2013,806700,807498,14918,15430
6/7/2013,807526,808014,15438,15826
6/8/2013,808020,808150,15832,15920
6/9/2013,808160,808360,15924,16082
6/10/2013,808376,809394,16086,16690
6/11/2013,809410,810498,16692,17402
6/12/2013,810504,811628,17406,18102
6/13/2013,811634,812824,18106,18730
6/14/2013,812844,813590,18738,19150
6/15/2013,813594,813776,19156,19240
6/16/2013,813782,813972,19246,19314
6/17/2013,814004,814692,19318,19662
6/18/2013,814710,815342,19666,20010
6/19/2013,815360,816048,20014,20474
6/20/2013,816064,816986,20474,21000
6/21/2013,817004,817554,21002,21310
6/22/2013,817558,817748,21318,21380
6/23/2013,817754,817964,21386,21458
6/24/2013,818222,819130,21464,22036
6/25/2013,819134,820048,22036,22488
6/26/2013,820048,821098,22488,22998
6/27/2013,821116,822028,22998,23500
6/28/2013,822042,822688,23502,23860
6/29/2013,822700,822804,23870,23930
6/30/2013,822916,823198,23936,24044
7/1/2013,823226,824120,24044,24540
7/2/2013,824158,825102,24540,25622
7/3/2013,825124,825886,25636,26872
7/4/2013,825886,825886,26878,26878
7/5/2013,825900,826252,26882,27462
7/6/2013,826256,826418,27468,27674
7/7/2013,826440,826756,27680,28064
7/8/2013,826788,827774,28080,29698
7/9/2013,827780,829150,29718,31232
7/10/2013,829156,829928,31242,32820
7/11/2013,829942,830820,32838,34270
7/12/2013,830826,831410,34274,35362
7/13/2013,831448,831582,35364,35578
7/14/2013,831598,831870,35584,35956
7/15/2013,831882,832958,35958,36506
7/16/2013,832990,833956,36508,37014
7/17/2013,833922,835042,37020,37540
7/18/2013,835062,836018,37544,38040
7/19/2013,836034,836612,38042,38388
7/20/2013,836640,836834,38392,38474
7/21/2013,836836,837052,38480,38574
7/22/2013,837072,838436,38582,39174
7/23/2013,838448,839546,39174,39726
7/24/2013,839562,840684,39726,40290
7/25/2013,840700,841542,40290,40670
7/26/2013,841562,842158,40674,40990
7/27/2013,842158,842158,40990,40990
7/28/2013,842158,842158,40990,40990
7/29/2013,842224,842928,41008,41328
7/30/2013,842928,843548,41328,41586
7/31/2013,843568,844090,41586,41874
8/1/2013,844106,844620,41872,42164
8/2/2013,844644,845138,42166,42462
8/3/2013,845138,845138,42462,42462
8/4/2013,845138,845138,42462,42462
8/5/2013,845158,846006,42466,42796
8/6/2013,846032,846644,42798,43120
8/7/2013,846666,847258,43126,43436
8/8/2013,847280,847878,43438,43718
8/9/2013,847902,848516,43718,43980
8/10/2013,848516,848516,43980,43980
8/11/2013,848516,848516,43980,43980
8/12/2013,848572,849416,43984,44532
8/13/2013,849450,850300,44534,44972
8/14/2013,850326,851388,44978,45678
8/15/2013,851414,852668,45686,46654
8/16/2013,852696,854138,46658,47572
8/17/2013,854148,854540,47576,47970
8/18/2013,854540,855688,47976,49034
8/19/2013,855708,861128,49040,53026
8/20/2013,861150,866574,53040,56398
8/21/2013,866584,871412,56420,59804
8/22/2013,871438,875926,59816,63140
8/23/2013,875936,878822,63158,65148
8/24/2013,878832,879484,65154,65692
8/25/2013,879494,880704,65698,66582
8/26/2013,880714,886000,66638,70330
8/27/2013,886028,890910,70376,73698
8/28/2013,890930,896106,73752,77330
8/29/2013,896110,900544,77396,80320
8/30/2013,900548,903248,80360,82020
8/31/2013,903252,903566,82026,82180
9/1/2013,903568,903918,82208,82468
9/2/2013,903918,903918,82468,82468
9/3/2013,904390,909014,82468,86232
9/4/2013,909094,914414,86312,89712
9/5/2013,914432,918928,89816,93070
9/6/2013,918938,922200,93138,95100
9/7/2013,922204,923168,95106,95750
9/8/2013,923170,924576,95752,96788
9/9/2013,924602,930162,96858,100952
9/10/2013,930166,935566,101062,104834
9/11/2013,935570,941310,104972,108950
9/12/2013,941320,946492,109102,112750
9/13/2013,946500,950648,112832,114838
9/14/2013,950658,951100,114844,115340
9/15/2013,951110,952100,115346,116548
9/16/2013,952110,957642,116660,126014
9/17/2013,957858,962888,126436,136330
9/18/2013,962898,967976,136374,146016
9/19/2013,967986,972670,146378,155110
9/20/2013,972680,975682,155428,160696
9/21/2013,975690,976472,160700,162570
9/22/2013,976478,977936,162574,165920
9/23/2013,977956,983518,166290,176700
9/24/2013,983526,988668,177144,184488
9/25/2013,988676,993694,186860,196330
9/26/2013,993702,998564,196340,205176
9/27/2013,998588,1001680,205602,210860
9/28/2013,1730,2526,210866,212940
9/29/2013,2530,3916,212946,218794
9/30/2013,3920,9372,219088,228936
10/1/2013,9560,14540,229348,239360
10/2/2013,14558,19898,239390,249422
10/3/2013,19910,24586,249956,259200
10/4/2013,24600,27636,259386,265012
10/5/2013,27646,28542,265018,267194
10/6/2013,28724,30204,267200,271284
10/7/2013,30210,35638,272300,282428
10/8/2013,35640,40782,282968,293488
10/9/2013,40800,46506,294132,304530
10/10/2013,46572,51010,305084,313550
10/11/2013,51208,53438,313942,318040
10/12/2013,53440,53618,318046,318340
10/13/2013,53620,53812,318344,318822
10/14/2013,53820,54470,318870,320084
10/15/2013,54478,54980,320124,322798
10/16/2013,55030,60740,322820,332330
10/17/2013,60750,64954,332732,340952
10/18/2013,64974,68030,341310,346894
10/19/2013,68036,68832,346902,348768
10/20/2013,68836,70154,348772,352020
10/21/2013,70160,75538,352378,362408
10/22/2013,75554,80588,362878,372294
10/23/2013,80612,85726,372760,382360
10/24/2013,85748,90586,382948,391520
10/25/2013,90598,93912,391832,397380
10/26/2013,93912,94684,397386,399280
10/27/2013,94708,95932,399292,402398
10/28/2013,95946,101204,402696,412734
10/29/2013,101382,106634,412800,422640
10/30/2013,106640,112204,423128,433100
10/31/2013,112216,116662,433676,441700
11/1/2013,116668,119512,441956,446972
11/2/2013,119626,120424,446982,448582
11/3/2013,120430,121752,448590,451998
11/4/2013,121764,127124,452358,462902
11/5/2013,127190,132418,463918,473334
11/6/2013,132426,137924,473892,483510
11/7/2013,137930,142812,484004,492910
11/8/2013,142816,145836,493224,498540
11/9/2013,145836,146624,498546,500448
11/10/2013,146628,148022,500456,503798
11/11/2013,148046,153498,504094,514088
11/12/2013,153524,158512,514618,523814
11/13/2013,158524,163608,524158,533858
11/14/2013,163618,168102,534138,542580
11/15/2013,168104,171098,543024,548538
11/16/2013,171110,172080,548544,550564
11/17/2013,172108,173544,550574,554432
11/18/2013,173558,178986,554776,565096
11/19/2013,178998,184300,565630,575978
11/20/2013,184316,189730,576448,586750
11/21/2013,189748,194780,587224,596700
11/22/2013,194798,198060,597028,603086
11/23/2013,198074,199172,603090,605672
11/24/2013,199172,200812,605680,610342
11/25/2013,200828,206244,610896,621640
11/26/2013,206254,209772,622180,628798
11/27/2013,209804,210236,628830,629714
11/28/2013,210236,210236,629764,629764
11/29/2013,210236,210236,629764,629764
11/30/2013,210240,210584,629768,630192
12/1/2013,210590,211654,630200,632840
12/2/2013,211662,217092,633412,643998
12/3/2013,217000,220468,644606,653630
12/4/2013,220972,224900,654652,663950
12/5/2013,224960,228368,664954,672600
12/6/2013,228384,230708,673168,678292
12/7/2013,230712,231974,678298,681422
12/8/2013,231974,233178,681428,685260
12/9/2013,233202,236346,685300,693188
12/10/2013,236358,238252,693528,697530
12/11/2013,238272,239214,697614,699720
12/12/2013,239230,239994,699802,701290
12/13/2013,239998,240558,701312,702448
12/14/2013,240558,240558,702448,702448
12/15/2013,240558,240558,702448,702448
12/16/2013,240598,241240,702462,703686
12/17/2013,241256,241730,703732,703732
12/18/2013,241752,242268,703732,703732
12/19/2013,242302,242784,705140,706024
12/20/2013,242806,243220,706048,707636
12/21/2013,243220,243220,707636,707636
12/22/2013,243220,243220,707636,707636
12/23/2013,243220,243220,707636,707636
12/24/2013,243220,243220,707636,707636
12/25/2013,243220,243220,707636,707636
12/26/2013,243220,243220,707636,707636
12/27/2013,243220,243220,707636,707636
12/28/2013,243220,243220,707636,707636
12/29/2013,243220,243220,707636,707636
12/30/2013,243220,243220,707636,707636
12/31/2013,243220,243220,707636,707636
1/1/2014,243220,243220,707636,707636
1/2/2014,243240,243628,706822,707100
1/3/2014,243644,243978,707166,708334
1/4/2014,243978,243978,708334,708334
1/5/2014,243978,243978,708334,708334
1/6/2014,244608,244694,708372,709132
1/7/2014,244716,245250,709662,709662
1/8/2014,245260,245940,709662,709662
1/9/2014,245962,246806,709662,709662
1/10/2014,246832,247516,709662,711090
1/11/2014,247520,247728,711092,711720
1/12/2014,247730,248340,711724,713250
1/13/2014,248350,252100,713262,722228
1/14/2014,252110,257406,722310,730790
1/15/2014,257938,262050,730922,739200
1/16/2014,262068,266350,739362,747112
1/17/2014,266352,269024,747250,752006
1/18/2014,269024,269024,752012,752952
1/19/2014,269024,269024,752960,754010
1/20/2014,269024,269024,754010,754010
1/21/2014,269064,272674,754080,761672
1/22/2014,272700,276578,761714,769454
1/23/2014,276590,280988,769598,777538
1/24/2014,281016,284088,777680,782996
1/25/2014,284104,284732,783016,784534
1/26/2014,284736,285782,784540,787082
1/27/2014,285794,290294,787268,795754
1/28/2014,290318,293122,795800,800826
1/29/2014,293130,294500,800826,800826
1/30/2014,294510,297312,800900,808804
1/31/2014,297318,300568,808972,809980
2/1/2014,300358,301084,814652,816368
2/2/2014,301092,301988,816374,818816
2/3/2014,302000,306886,818996,828472
2/4/2014,306898,312128,828882,838774
2/5/2014,312134,317368,839102,848620
2/6/2014,317380,322500,849006,858320
2/7/2014,322510,325642,858700,863788
2/8/2014,325650,326316,863794,865532
2/9/2014,326320,327562,865590,868642
2/10/2014,327570,332380,868700,877814
2/11/2014,332396,337580,878176,887358
2/12/2014,337604,338926,887666,889514
2/13/2014,338926,338926,889514,889514
2/14/2014,338926,338926,889514,889514
2/15/2014,338950,339560,889686,891254
2/16/2014,339562,340766,891260,894384
2/17/2014,340770,345852,894700,904380
2/18/2014,345866,350570,904794,913944
2/19/2014,350578,355158,914310,923200
2/20/2014,355172,359812,923602,931960
2/21/2014,359832,362508,931970,937408
2/22/2014,362522,363262,937414,939160
2/23/2014,363274,364912,939166,942092
2/24/2014,364922,369416,942338,952038
2/25/2014,369436,374350,952462,962034
2/26/2014,374358,379492,962502,972142
2/27/2014,379502,384202,972622,981146
2/28/2014,384216,387244,981470,986852
3/1/2014,387250,388088,986860,989172
3/2/2014,388092,389000,989180,992526
3/3/2014,389474,392752,993284,999326
3/4/2014,392756,396788,999388,1000784
3/5/2014,396808,401792,8306,18320
3/6/2014,401808,406370,18934,27034
3/7/2014,406730,406730,27034,27034
3/8/2014,406372,406706,27040,27770
3/9/2014,406708,406900,27778,28180
3/10/2014,406902,407774,28220,29468
3/11/2014,407778,408378,29514,30642
3/12/2014,408406,408956,30674,31754
3/13/2014,408986,409586,31782,33054
3/14/2014,409590,410186,33072,33982
3/15/2014,410196,410434,33988,34340
3/16/2014,410436,410774,34346,35912
3/17/2014,410778,414322,36068,41684
3/18/2014,414388,417482,41786,48068
3/19/2014,417484,422394,48416,57650
3/20/2014,422406,427256,57994,65530
3/21/2014,427260,430378,65820,70908
3/22/2014,430380,431222,70914,72652
3/23/2014,431226,432370,72658,75990
3/24/2014,432384,437482,76248,85582
3/25/2014,437508,442560,85944,94714
3/26/2014,442578,447758,95062,104250
3/27/2014,447766,452870,104656,113082
3/28/2014,452884,455836,113352,118546
3/29/2014,455842,456664,118550,120436
3/30/2014,456674,458184,120440,123952
3/31/2014,458190,463574,124348,134192
4/1/2014,468582,473668,134724,143914
4/2/2014,473682,478382,144344,153320
4/3/2014,478394,481178,153744,161922
4/4/2014,481180,482112,162294,167214
4/5/2014,482116,482520,167220,168992
4/6/2014,482520,483460,168998,172334
4/7/2014,483470,488442,172728,181566
4/8/2014,488462,493738,182002,191078
4/9/2014,493758,498850,191556,200360
4/10/2014,498858,503836,201062,209120
4/11/2014,503858,506554,209476,214282
4/12/2014,506608,509050,214288,216640
4/13/2014,509058,510636,216646,219982
4/14/2014,510662,515896,220334,229672
4/15/2014,515920,520946,230236,239204
4/16/2014,520964,526278,239576,249050
4/17/2014,526282,530140,249384,255760
4/18/2014,530140,530140,255760,255760
4/19/2014,530144,530534,255766,256660
4/20/2014,530542,534374,256666,258396
4/21/2014,534382,536818,258646,268838
4/22/2014,536836,542420,269408,279472
4/23/2014,542472,548370,280034,290750
4/24/2014,548380,554064,291654,301012
4/25/2014,554078,557336,301462,307038
4/26/2014,557340,558446,307044,309340
4/27/2014,558450,560328,309346,313686
4/28/2014,560344,565812,314348,324452
4/29/2014,565840,566900,325020,333496
4/30/2014,566910,570214,333918,342660
5/1/2014,573982,577930,343338,352312
5/2/2014,577942,580514,352866,358020
5/3/2014,580514,585544,358026,360146
5/4/2014,585546,586004,360150,363936
5/5/2014,586006,586520,364704,372074
5/6/2014,586546,590900,372328,378684
5/7/2014,590906,591610,379152,383020
5/8/2014,591612,592620,383068,384826
5/9/2014,592644,593294,384830,386240
5/10/2014,593294,593294,386240,386240
5/11/2014,593294,593294,386240,386240
5/12/2014,593296,594078,386246,387424
5/13/2014,594082,594766,387450,388688
5/14/2014,594812,595526,388716,389904
5/15/2014,595552,596428,389910,391542
5/16/2014,596454,597286,391552,392628
5/17/2014,597290,597568,392630,392928
5/18/2014,597602,598702,392936,393318
5/19/2014,598726,599700,393324,395332
5/20/2014,599702,599930,395352,397110
5/21/2014,599950,600756,397120,398832
5/22/2014,600802,601826,398854,400494
5/23/2014,601830,602562,400504,401532
5/24/2014,602564,602682,401538,401710
5/25/2014,602690,602824,401714,401920
5/26/2014,602824,602824,401920,401920
5/27/2014,602846,604080,401952,403762
5/28/2014,604098,605338,403778,405626
5/29/2014,605344,606426,405638,407396
5/30/2014,606438,607312,407408,408852
5/31/2014,607314,607482,408858,409158
6/1/2014,607486,607764,409164,409560
6/2/2014,607778,608954,409570,411376
6/3/2014,608964,610034,411388,413300
6/4/2014,610038,611098,413310,414930
6/5/2014,611108,612110,414952,416634
6/6/2014,612126,612752,416646,417658
6/7/2014,612754,612938,417664,417928
6/8/2014,612940,613226,417934,418372
6/9/2014,613248,614412,418408,420366
6/10/2014,614422,615546,420374,422242
6/11/2014,615556,616680,422252,424052
6/12/2014,616682,617762,424070,425750
6/13/2014,617784,618362,425762,426884
6/14/2014,618374,618662,426890,427362
6/15/2014,618674,618968,427368,427724
6/16/2014,618974,620230,427736,429796
6/17/2014,620258,621544,429802,431826
6/18/2014,621564,622590,431836,433718
6/19/2014,622618,623564,433736,435482
6/20/2014,623624,624178,435496,436634
6/21/2014,624182,624470,436640,437098
6/22/2014,624472,624714,437104,437424
6/23/2014,624738,625768,437442,439196
6/24/2014,625768,626768,439206,440778
6/25/2014,626776,627818,440788,442360
6/26/2014,627834,628900,442376,444092
6/27/2014,628902,629506,444108,445148
6/28/2014,629518,629662,445156,445390
6/29/2014,629664,629868,445394,445700
6/30/2014,629870,630852,445722,447302
7/1/2014,630852,631932,447302,448932
7/2/2014,631932,632768,448932,450274
7/3/2014,632768,633276,450274,451184
7/4/2014,,0,,0
7/5/2014,633276,633392,451184,451424
7/6/2014,633392,633530,451424,451594
7/7/2014,633530,634560,451594,453104
7/8/2014,634560,635610,453104,454792
7/9/2014,635610,636616,454792,456358
7/10/2014,636616,637592,456358,457800
7/11/2014,637592,638132,457800,458838
7/12/2014,638132,638340,458838,460000
7/13/2014,638340,638610,460000,460500
7/14/2014,638610,639702,460500,460992
7/15/2014,639702,640692,460992,462628
7/16/2014,640692,641630,462628,464288
7/17/2014,641630,642570,464288,465832
7/18/2014,642570,643252,465832,466854
7/19/2014,643252,643420,466854,467124
7/20/2014,643420,643666,467124,467448
7/21/2014,643666,645270,467448,469262
7/22/2014,645270,646334,469262,471042
7/23/2014,646334,647286,471042,472586
7/24/2014,647286,648296,472586,474130
7/25/2014,648296,648950,474130,475164
7/26/2014,0,0,,0
7/27/2014,0,0,,0
7/28/2014,648950,649608,475164,476280
7/29/2014,648608,650298,476280,477350
7/30/2014,650298,650970,477350,478416
7/31/2014,650970,651650,478416,479492
8/1/2014,651650,652120,479492,480520
8/2/2014,0,0,0,
8/3/2014,0,0,0,
8/4/2014,652120,652858,480520,481608
8/5/2014,652858,653480,481608,482660
8/6/2014,653480,654126,482660,483680
8/7/2014,654126,654740,483680,484760
8/8/2014,654740,655300,484760,485740
8/9/2014,0,0,,0
8/10/2014,0,0,,0
8/11/2014,655300,656134,485740,487292
8/12/2014,656134,657128,487292,488990
8/13/2014,657128,658046,488990,490528
8/14/2014,658046,659372,490528,493188
8/15/2014,659372,660712,493188,495584
8/16/2014,660712,661398,495584,496858
8/17/2014,661398,662804,496858,499714
8/18/2014,662804,668590,499846,509880
8/19/2014,668590,674664,509988,519054
8/20/2014,674664,680080,519200,528350
8/21/2014,680080,684938,528488,536800
8/22/2014,684938,688868,536910,542502
8/23/2014,688868,689048,542502,544104
8/24/2014,689048,690392,544104,547162
8/25/2014,690392,695586,547332,556566
8/26/2014,695586,700826,556806,565658
8/27/2014,700826,706050,565826,575100
8/28/2014,706050,710760,575352,583460
8/29/2014,710760,713478,583672,587992
8/30/2014,713478,714240,587992,588802
8/31/2014,714240,714896,588802,589676
9/1/2014,0,0,0,0
9/2/2014,714896,719768,589676,599494
9/3/2014,719768,725238,599844,609172
9/4/2014,725238,730070,609600,618360
9/5/2014,730070,733200,618684,624292
9/6/2014,733200,734170,624292,626200
9/7/2014,734170,735566,626200,629552
9/8/2014,735566,741246,629820,640490
9/9/2014,741246,746892,640952,650992
9/10/2014,746892,752696,651488,661780
9/11/2014,752696,757900,662376,671400
9/12/2014,757900,761102,671742,677278
9/13/2014,761102,761912,677278,679110
9/14/2014,761912,763240,679110,682512
9/15/2014,763240,768462,682908,693412
9/16/2014,768462,774458,693904,703864
9/17/2014,774458,780096,704234,714250
9/18/2014,780096,784902,714784,723300
9/19/2014,784902,787928,723658,728990
9/20/2014,787928,788602,728990,730680
9/21/2014,788602,789826,730680,733836
9/22/2014,789826,795204,734128,744154
9/23/2014,795204,800546,744546,754200
9/24/2014,800546,810508,754578,764900
9/25/2014,810508,812900,765458,774398
9/26/2014,812900,813392,774632,780232
9/27/2014,813392,814190,780232,782208
9/28/2014,814190,815500,782208,785592
9/29/2014,815500,820940,785863,796276
9/30/2014,820940,826306,796720,806558
10/1/2014,826306,831904,806558,817030
10/2/2014,831904,836494,817408,825300
10/3/2014,836494,839350,826253,831460
10/4/2014,839350,840218,831460,833468
10/5/2014,840218,841670,833468,837232
10/6/2014,841670,847380,837658,847934
10/7/2014,847380,853050,848480,858654
10/8/2014,853050,858314,859094,868998
10/9/2014,858314,863814,869488,877790
10/10/2014,863814,865378,877790,882012
10/11/2014,865378,865704,882012,882400
10/12/2014,865704,865938,882400,882820
10/13/2014,865938,866578,880820,884040
10/14/2014,866578,867804,884072,886890
10/15/2014,867804,872666,887120,896300
10/16/2014,872666,877050,896727,904620
10/17/2014,877050,880100,904885,910012
10/18/2014,880100,880882,910012,911820
10/19/2014,880882,882132,911820,915366
10/20/2014,882132,887462,915686,925216
10/21/2014,887462,892700,925672,934740
10/22/2014,892700,897812,935116,944520
10/23/2014,897812,902442,944848,953100
10/24/2014,902442,905416,953446,958700
10/25/2014,905416,906248,958700,960470
10/26/2014,906248,907618,960470,963632
10/27/2014,907618,913256,963916,973214
10/28/2014,913256,918862,973750,983514
10/29/2014,918862,924454,983852,993300
10/30/2014,924454,929736,993668,1001951
10/31/2014,929736,932640,1001951,1007568
11/1/2014,932640,933379,7547,8886
11/2/2014,933379,934754,8886,11984
11/3/2014,934754,940331,12289,22152
11/4/2014,940331,945929,22573,32107
11/5/2014,945929,951274,32537,42098
11/6/2014,951274,955994,42592,50788
11/7/2014,955994,959078,51452,56624
11/8/2014,959078,959943,56624,58698
11/9/2014,959943,961418,58698,62274
11/10/2014,961418,967153,62770,72836
11/11/2014,967153,972937,73481,83444
11/12/2014,972937,978330,83827,92942
11/13/2014,978330,983299,93305,102152
11/14/2014,983299,986744,102450,108283
11/15/2014,986744,987916,108283,110486
11/16/2014,987916,989912,110486,113810
11/17/2014,989912,994700,114168,124198
11/18/2014,994700,1000435,124618,134850
11/19/2014,1000435,1006508,135228,146238
11/20/2014,1006508,1011519,146627,155868
11/21/2014,1011519,1014940,156159,162282
11/22/2014,1014940,1016041,162282,164796
11/23/2014,1016041,1017899,164796,169288
11/24/2014,1017899,1023718,169721,180466
11/25/2014,1023718,1027943,181168,188270
11/26/2014,1027943,1028344,188270,189170
11/27/2014,,,,
11/28/2014,,,,
11/29/2014,1028344,1028647,189170,189808
11/30/2014,1028364,1029989,189808,192576
12/1/2014,29989,35837,192576,203398
12/2/2014,35837,40056,203845,213344
12/3/2014,40056,44474,214282,224082
12/4/2014,44474,48251,224944,232926
12/5/2014,48251,50873,233437,238732
12/6/2014,50873,52026,238732,241980
12/7/2014,52026,53578,241980,246126
12/8/2014,53578,57205,246715,253610
12/9/2014,57205,59189,253884,257714
12/10/2014,59189,60099,257796,259940
12/11/2014,60099,60769,259940,261394
12/12/2014,60769,61337,261394,262560
12/13/2014,,,,
12/14/2014,,,,
12/15/2014,61337,61832,262560,263446
12/16/2014,61832,62310,263446,264352
12/17/2014,62310,62749,264352,265282
12/18/2014,62749,63206,265282,266149
12/19/2014,63206,63630,266149,266984
12/20/2014,,,,
12/21/2014,,,,
12/22/2014,63630,63908,266984,267651
12/23/2014,63908,64128,267651,268229
12/24/2014,,,,
12/25/2014,,,,
12/26/2014,,,,
12/27/2014,,,,
12/28/2014,,,,
12/29/2014,,,,
12/30/2014,,,,
12/31/2014,,,,
1/1/2015,,,,
1/2/2015,64128,64448,268229,268824
1/3/2015,,,,
1/4/2015,,,,
1/5/2015,64448,65017,268824,270034
1/6/2015,65017,65517,270034,271154
1/7/2015,65517,66161,271154,272498
1/8/2015,66161,66750,272498,274240
1/9/2015,66750,67480,274240,275904
1/10/2015,67480,67873,275904,276656
1/11/2015,67873,68689,276656,278560
1/12/2015,68689,73801,278638,287690
1/13/2015,73801,79034,287786,296838
1/14/2015,79034,83782,296947,305346
1/15/2015,83782,88294,305476,313650
1/16/2015,88294,91075,313733,316605
1/17/2015,91075,91472,316605,319477
1/18/2015,91472,92020,319477,320604
1/19/2015,,,,
1/20/2015,92020,96839,320604,329452
1/21/2015,96839,101900,329624,333969
1/22/2015,101900,106312,338315,346312
1/23/2015,106312,109230,346475,351430
1/24/2015,109230,110024,351450,353133
1/25/2015,110024,111171,353133,355830
1/26/2015,111171,116485,356043,365180
1/27/2015,116485,121364,365429,374280
1/28/2015,121364,126436,374497,383447
1/29/2015,126436,131175,383685,392379
1/30/2015,131175,134192,392517,397868
1/31/2015,134192,135022,397868,399612
2/1/2015,135022,136080,399612,401892
2/2/2015,136080,141469,402057,411428
2/3/2015,141475,146615,411769,421282
2/4/2015,146615,151769,421595,430790
2/5/2015,151769,156536,431180,440152
2/6/2015,156536,159620,440357,445789
2/7/2015,159620,160404,445789,447558
2/8/2015,160404,161672,447558,450728
2/9/2015,161672,167204,450963,460686
2/10/2015,167204,172666,461105,470914
2/11/2015,172666,177917,471184,480617
2/12/2015,177917,182448,480994,489220
2/13/2015,182448,185420,489449,494519
2/14/2015,185420,186053,494519,495859
2/15/2015,186053,187164,495859,498658
2/16/2015,187164,190282,498891,503929
2/17/2015,,,,
2/18/2015,190282,191802,504037,507568
2/19/2015,191802,195775,507623,514552
2/20/2015,195755,198645,514718,519999
2/21/2015,198645,199400,520010,521684
2/22/2015,199400,200664,521684,524652
2/23/2015,200678,206091,524907,534560
2/24/2015,,,,
2/25/2015,206091,211056,535049,543320
2/26/2015,,,,
2/27/2015,211056,213569,543479,548153
2/28/2015,213569,214366,548162,550290
3/1/2015,214366,215485,550290,553713
3/2/2015,215485,220782,553989,563436
3/3/2015,220782,226229,563836,573628
3/4/2015,226229,231478,574057,583266
3/5/2015,231478,235749,583676,591616
3/6/2015,235749,238127,591843,595908
3/7/2015,238127,238435,595908,596445
3/8/2015,238435,238694,596445,596924
3/9/2015,238694,239411,596924,598138
3/10/2015,239411,240010,598138,599372
3/11/2015,240010,240621,599372,600482
3/12/2015,240621,241161,600482,601512
3/13/2015,241161,241604,601512,602506
3/14/2015,241604,241810,602506,602909
3/15/2015,241810,242600,602909,604632
3/16/2015,242600,247662,604829,613618
3/17/2015,247662,252683,614006,622628
3/18/2015,252683,257881,622911,631870
3/19/2015,257881,262350,632258,640618
3/20/2015,262350,265289,640822,646165
3/21/2015,265289,266265,646165,647958
3/22/2015,266265,267561,647958,651348
3/23/2015,267561,272962,651649,661058
3/24/2015,272962,278072,661484,670232
3/25/2015,278072,283243,670602,680115
3/26/2015,283243,288048,680617,688879
3/27/2015,288048,291090,689271,694781
3/28/2015,291090,291928,694781,696731
3/29/2015,291928,293453,696731,700530
3/30/2015,293453,299296,700921,710774
3/31/2015,299296,304648,711308,720756
4/1/2015,304648,310006,721194,730278
4/2/2015,310006,314082,730635,737296
4/3/2015,,,,
4/4/2015,314082,314471,737296,737452
4/5/2015,314471,315326,737452,739466
4/6/2015,315326,320549,739742,749060
4/7/2015,320549,325914,749472,758974
4/8/2015,325914,331312,759457,768948
4/9/2015,331312,336071,769450,777828
4/10/2015,336071,339125,778123,783358
4/11/2015,339125,341928,783358,785554
4/12/2015,341928,343438,785554,791424
4/13/2015,343438,348926,791731,800490
4/14/2015,348926,354667,801077,810614
4/15/2015,354667,359874,810976,820132
4/16/2015,359874,364478,820745,829358
4/17/2015,364478,367358,829645,834474
4/18/2015,367358,368160,834474,836315
4/19/2015,368160,369496,836315,839752
4/20/2015,369496,374840,840049,849944
4/21/2015,374840,380650,850542,860712
4/22/2015,380650,386948,861315,872254
4/23/2015,386948,392321,873109,882764
4/24/2015,392321,395461,883203,888601
4/25/2015,395461,396273,888601,890702
4/26/2015,396273,398090,890702,894926
4/27/2015,398090,404352,895626,906226
4/28/2015,404352,408980,906954,915412
4/29/2015,408980,413051,915989,924624
4/30/2015,413051,417436,925778,934432
5/1/2015,417436,420259,935008,940326
5/2/2015,420259,421315,940326,942750
5/3/2015,421315,422958,942750,946692
5/4/2015,422958,426930,947362,954972
5/5/2015,426930,430047,955564,961812
5/6/2015,430047,432225,962810,966048
5/7/2015,432225,433160,966048,967794
5/8/2015,433160,433913,967794,969115
5/9/2015,,,,
5/10/2015,,,,
5/11/2015,433913,434685,969115,970162
5/12/2015,434685,435409,970162,971460
5/13/2015,435409,436058,971460,972484
5/14/2015,436058,437116,972484,974170
5/15/2015,437116,437687,974170,975199
5/16/2015,437687,437842,975199,975484
5/17/2015,437842,438110,975484,975811
5/18/2015,438110,439218,975811,977630
5/19/2015,439218,440302,977630,979342
5/20/2015,440302,441395,979342,981094
5/21/2015,441395,442312,981094,982638
5/22/2015,442312,442812,982638,983581
5/23/2015,442812,442976,983581,983826
5/24/2015,,,,
5/25/2015,,,,
5/26/2015,442976,444188,983826,985644
5/27/2015,444188,445220,985644,987258
5/28/2015,445220,446262,987258,988810
5/29/2015,446262,447028,988810,989958
5/30/2015,447028,447214,989958,990312
5/31/2015,447214,447454,990312,990766
6/1/2015,447454,448558,990766,992420
6/2/2015,448558,449680,992420,994250
6/3/2015,449680,450744,994250,995832
6/4/2015,450744,451756,995832,997670
6/5/2015,451756,452304,997670,998808
6/6/2015,452304,452510,998808,999082
6/7/2015,452510,452764,999082,999432
6/8/2015,452764,453920,999432,1001284
6/9/2015,453920,455100,1001284,1003144
6/10/2015,455100,456192,1003144,1004683
6/11/2015,456192,457386,1004683,1006642
6/12/2015,457386,458020,1006642,1007843
6/13/2015,458020,458222,1007843,1008122
6/14/2015,458222,458470,1008122,1008644
6/15/2015,458470,459608,1008644,1010502
6/16/2015,459608,460770,1010502,1012390
6/17/2015,460770,461830,1012390,1014444
6/18/2015,461830,462690,1014444,1016078
6/19/2015,462690,463214,1016078,1017124
6/20/2015,463214,463336,1017124,1017391
6/21/2015,463336,463506,1017391,1017612
6/22/2015,463506,464636,1017612,1019436
6/23/2015,464636,465730,1019436,1021164
6/24/2015,465730,466726,1021164,1022795
6/25/2015,466726,467670,1022795,1024362
6/26/2015,467670,468202,1024362,1025443
6/27/2015,468202,468354,1025443,1025684
6/28/2015,468354,468550,1025684,1026012
6/29/2015,468550,469614,1026012,1027714
6/30/2015,469614,470717,1027714,1029352
7/1/2015,470717,471748,1029352,1030792
7/2/2015,471748,472592,1030792,1031963
7/3/2015,,,,
7/4/2015,,,,
7/5/2015,472608,472774,1031963,1032204
7/6/2015,472774,473660,1032204,1033572
7/7/2015,473660,474708,1033572,1034998
7/8/2015,474708,475618,1034998,1036272
7/9/2015,475618,476480,1036272,1037526
7/10/2015,476480,476944,1037526,1038504
7/11/2015,476944,477132,1038504,1038746
7/12/2015,477132,477367,1038746,1039016
7/13/2015,477367,478342,1039016,1040444
7/14/2015,478342,479424,1040444,1041940
7/15/2015,479424,480470,1041940,1043480
7/16/2015,480470,481470,1043480,1044900
7/17/2015,481470,482041,1044900,1045877
7/18/2015,482041,482231,1045877,1046163
7/19/2015,482231,482510,1046163,1046522
7/20/2015,482510,483456,1046522,1047988
7/21/2015,483456,484590,1047988,1049454
7/22/2015,484590,485476,1049454,1050854
7/23/2015,485476,486302,1050854,1052202
7/24/2015,486302,487003,1052202,1053205
7/25/2015,,,,
7/26/2015,,,,
7/27/2015,487003,487657,1053205,1054071
7/28/2015,487657,488383,1054071,1055120
7/29/2015,488383,489020,1055120,1056062
7/30/2015,489020,489683,1056062,1057032
7/31/2015,489683,490156,1057032,1057792
8/1/2015,,,,
8/2/2015,,,,
8/3/2015,490156,490754,1057792,1058818
8/4/2015,490754,491320,1058818,1059788
8/5/2015,491320,491838,1059788,1060699
8/6/2015,491838,492482,1060699,1061654
8/7/2015,492482,493106,1061654,1062575
8/8/2015,,,,
8/9/2015,,,,
8/10/2015,493106,493880,1062575,1064272
8/11/2015,493880,495083,1064272,1065846
8/12/2015,495083,496126,1065846,1067460
8/13/2015,496126,497423,1067460,1069906
8/14/2015,497423,498809,1069906,1072254
8/15/2015,498809,499496,1072254,1073332
8/16/2015,499496,500733,1073332,1075753
8/17/2015,500733,507733,1075884,1086322
8/18/2015,507733,513195,1086466,1096124
8/19/2015,513195,518812,1096277,1105643
8/20/2015,518812,524565,1105773,1114297
8/21/2015,524565,527526,1114418,1119375
8/22/2015,527526,528118,1119375,1120651
8/23/2015,528118,529326,1120651,1123376
8/24/2015,529326,535422,1123522,1132472
8/25/2015,535422,540735,1132685,1141510
8/26/2015,540735,546228,1141759,1150830
8/27/2015,546228,551120,1151090,1159166
8/28/2015,551120,553949,1159291,1164011
8/29/2015,553949,554580,1164011,1165379
8/30/2015,554580,555755,1165379,1168151
8/31/2015,555755,561180,1168346,1177852
9/1/2015,561180,566610,1178101,1187214
9/2/2015,566610,572507,1187659,1196667
9/3/2015,572507,577064,1196999,1205125
9/4/2015,577064,580278,1205355,1209552
9/5/2015,580278,580584,1209552,1210209
9/6/2015,580584,580982,1210209,1210922
9/7/2015,,,,
9/8/2015,580982,586832,1210922,1220650
9/9/2015,586832,592888,1221099,1230847
9/10/2015,592888,598162,1231201,1240067
9/11/2015,598162,601350,1240247,1245483
9/12/2015,601350,602033,1245483,1247046
9/13/2015,602033,603209,1247046,1249899
9/14/2015,603209,609076,1250237,1260424
9/15/2015,609076,614796,1260866,1270450
9/16/2015,614796,620408,1270795,1280758
9/17/2015,620408,625649,1281235,1290698
9/18/2015,625649,628646,1290871,1295254
9/19/2015,628646,629260,1295254,1296562
9/20/2015,629260,630394,1296562,1299333
9/21/2015,630394,635745,1299637,1309154
9/22/2015,635745,641084,1309506,1318558
9/23/2015,641084,646474,1318912,1327978
9/24/2015,646474,651354,1328325,1336309
9/25/2015,651354,653994,1336490,1341334
9/26/2015,653994,654664,1341334,1342674
9/27/2015,654664,655836,1342674,1345552
9/28/2015,655836,661279,1345832,1355322
9/29/2015,661279,666761,1355708,1365188
9/30/2015,666761,672374,1365513,1375331
10/1/2015,672374,677448,1375857,1384356
10/2/2015,677448,680100,1384583,1389378
10/3/2015,680100,680705,1389378,1390902
10/4/2015,680705,682013,1390902,1394277
10/5/2015,682013,687698,1394634,1404597
10/6/2015,687698,693673,1405135,1414842
10/7/2015,693673,699280,1415346,1424784
10/8/2015,699280,704353,1425269,1433613
10/9/2015,704353,706850,1433894,1437728
10/10/2015,706850,707080,1437728,1438165
10/11/2015,707080,707389,1438165,1438698
10/12/2015,707389,708056,1438698,1439897
10/13/2015,708056,709279,1439897,1442420
10/14/2015,709279,714565,1442630,1451927
10/15/2015,714565,719487,1452430,1460767
10/16/2015,719487,722280,1461037,1465882
10/17/2015,722280,722948,1465882,1467320
10/18/2015,722948,724073,1467320,1470406
10/19/2015,724073,729852,1470706,1480206
10/20/2015,729852,735385,1480627,1489942
10/21/2015,735385,740999,1490366,1499800
10/22/2015,740999,745947,1500154,1508297
10/23/2015,745947,748673,1508509,1513216
10/24/2015,748673,749398,1513216,1514457
10/25/2015,749398,750478,1514457,1517280
10/26/2015,750478,756232,1517605,1527698
10/27/2015,756232,761986,1528054,1538032
10/28/2015,761986,767529,1538457,1548366
10/29/2015,767529,772720,1548872,1557410
10/30/2015,772720,775489,1557771,1562440
10/31/2015,775489,776008,1562440,1563534
11/1/2015,776008,777107,1563534,1566432
11/2/2015,777107,782178,1566831,1576462
11/3/2015,782178,787910,1576882,1586672
11/4/2015,787910,793391,1587201,1596588
11/5/2015,793391,798542,1597142,1605688
11/6/2015,798542,801194,1606112,1610847
11/7/2015,801194,801804,1610847,1612357
11/8/2015,801804,803133,1612357,1615665
11/9/2015,803133,808592,1616089,1626014
11/10/2015,808592,814082,1626544,1635674
11/11/2015,814082,819506,1636098,1645888
11/12/2015,819506,824752,1646349,1655068
11/13/2015,824752,827782,1655414,1660766
11/14/2015,827782,828648,1660766,1662498
11/15/2015,828648,829916,1662498,1666027
11/16/2015,829916,835747,1666322,1676480
11/17/2015,835747,841424,1676911,1686738
11/18/2015,841424,847452,1687258,1697528
11/19/2015,847452,852706,1698097,1707074
11/20/2015,852706,856095,1707407,1713204
11/21/2015,856095,857115,1713204,1715273
11/22/2015,857115,858707,1715273,1719171
11/23/2015,858707,864597,1719642,1730200
11/24/2015,864597,868885,1730783,1737418
11/25/2015,868885,869368,1737418,1738456
11/26/2015,,,,
11/27/2015,,,,
11/28/2015,869368,869644,1738456,1738953
11/29/2015,869644,870796,1738953,1741563
11/30/2015,870796,876211,1742077,1751960
12/1/2015,876211,880278,1752383,1761200
12/2/2015,880278,884558,1762140,1770966
12/3/2015,884558,888342,1771827,1779450
12/4/2015,888342,890892,1779965,1785046
12/5/2015,890892,892007,1785046,1787962
12/6/2015,892007,893316,1787962,1791301
12/7/2015,893316,896578,1791811,1798280
12/8/2015,896578,898656,1798571,1802646
12/9/2015,898656,899522,1802727,1804726
12/10/2015,899522,900134,1804726,1805936
12/11/2015,900134,900641,1805936,1806851
12/12/2015,,,,
12/13/2015,,,,
12/14/2015,900641,901170,1806851,1807822
12/15/2015,901170,901796,1807822,1808780
12/16/2015,901796,902279,1808780,1809778
12/17/2015,902279,902586,1809778,1810622
12/18/2015,902586,902948,1810622,1811404
12/19/2015,,,,
12/20/2015,,,,
12/21/2015,902948,903344,1811404,1812120
12/22/2015,903344,903606,1812120,1812704
12/23/2015,903606,903787,1812704,1813176
12/24/2015,,,,
12/25/2015,,,,
12/26/2015,,,,
12/27/2015,,,,
12/28/2015,,,,
12/29/2015,,,,
12/30/2015,,,,
12/31/2015,,,,
1/1/2016,,,,
1/2/2016,,,,
1/3/2016,,,,
1/4/2016,903787,904384,1813176,1814321
1/5/2016,904384,904886,1814321,1815310
1/6/2016,904886,905409,1815310,1816503
1/7/2016,905409,906066,1816503,1817978
1/8/2016,906066,906771,1817978,1819544
1/9/2016,906771,907082,1819544,1820238
1/10/2016,907082,907880,1820238,1821830
1/11/2016,907880,913094,1821912,1830550
1/12/2016,913094,918283,1830629,1839056
1/13/2016,918283,923254,1839166,1847564
1/14/2016,923254,927639,1847715,1855188
1/15/2016,927639,930126,1855304,1859630
1/16/2016,930126,930537,1859630,1860489
1/17/2016,930537,930926,1860489,1861336
1/18/2016,,,,
1/19/2016,930926,936216,1861336,1870632
1/20/2016,936216,940994,1870828,1878742
1/21/2016,940994,945415,1878902,1886438
1/22/2016,,,,
1/23/2016,,,,
1/24/2016,,,,
1/25/2016,945490,948442,1886438,1892720
1/26/2016,948442,953252,1892944,1901362
1/27/2016,953252,958201,1901626,1910378
1/28/2016,958201,962857,1910649,1918784
1/29/2016,962857,965986,1918995,1923674
1/30/2016,965986,966202,1923674,1925082
1/31/2016,966202,967227,1925082,1927669
2/1/2016,967227,972382,1927946,1936970
2/2/2016,972382,977775,1937292,1946670
2/3/2016,977775,982817,1946967,1955696
2/4/2016,982817,987716,1956046,1964610
2/5/2016,987716,990677,1964956,1969920
2/6/2016,990677,991339,1969920,1971410
2/7/2016,991339,992062,1971410,1973112
2/8/2016,992062,997132,1973278,1982224
2/9/2016,997132,1002458,1982586,1992275
2/10/2016,1002458,1007803,1992577,2002237
2/11/2016,1007803,1012743,2002511,2011195
2/12/2016,1012743,1015602,2011450,2016476
2/13/2016,1015602,1016168,2016476,2017767
2/14/2016,1016168,1016840,2017767,2019318
2/15/2016,,,,
2/16/2016,1016840,1021895,2019318,2028676
2/17/2016,1021895,1027280,2029065,2038204
2/18/2016,1027280,1031997,2038502,2046806
2/19/2016,1031997,1034687,2047061,2051638
2/20/2016,1034687,1035343,2051638,2053046
2/21/2016,1035343,1036478,2053046,2055723
2/22/2016,1036478,1041584,2056032,2065120
2/23/2016,1041584,1046553,2065472,2074592
2/24/2016,1046553,1051358,2074955,2083360
2/25/2016,1051358,1056177,2083704,2092261
2/26/2016,1056177,1058979,2092529,2097412
2/27/2016,1058979,1059686,2097412,2099021
2/28/2016,1059686,1061002,2099021,2102051
2/29/2016,1061002,1066501,2105875,2111868
3/1/2016,1066501,1071648,2112290,2122016
3/2/2016,1071648,1077118,2122436,2132295
3/3/2016,1077118,1081891,2132717,2141092
3/4/2016,1081891,1084085,2141277,2145134
3/5/2016,1084085,1084302,2145134,2145530
3/6/2016,1084302,1084465,2145530,2145854
3/7/2016,1084465,1084953,2145854,2146870
3/8/2016,1084953,1085633,2146870,2147954
3/9/2016,1085633,1086303,2147954,2149130
3/10/2016,1086303,1086910,2149130,2150118
3/11/2016,1086910,1087486,2150118,2151122
3/12/2016,1087486,1087728,2151122,2151548
3/13/2016,1087728,1088308,2151548,2152904
3/14/2016,1088308,1092996,2153141,2160898
3/15/2016,1092996,1098135,2161249,2169614
3/16/2016,1098135,1103123,2169972,2178314
3/17/2016,1103123,1107989,2178732,2186498
3/18/2016,1107989,1110831,2186779,2191332
3/19/2016,1110831,1111624,2191332,2192829
3/20/2016,1111624,1112850,2192829,2195815
3/21/2016,1112850,1118306,2196100,2205074
3/22/2016,1118306,1123788,2205478,2214630
3/23/2016,1123788,1129028,2215000,2223814
3/24/2016,1129028,1133019,2224163,2230656
3/25/2016,,,,
3/26/2016,1133019,1133362,2230656,2231389
3/27/2016,1133362,1134027,2231389,2232702
3/28/2016,1134027,1139372,2232926,2241774
3/29/2016,1139372,1144747,2242158,2251288
3/30/2016,1144747,1149826,2251673,2260248
3/31/2016,1149826,1154472,2260675,2268395
4/1/2016,1154472,1157161,2268762,2273222
4/2/2016,1157161,1157747,2273222,2274458
4/3/2016,1157747,1159148,2274458,2277525
4/4/2016,1159148,1164316,2277888,2286966
4/5/2016,1164316,1169508,2287388,2296086
4/6/2016,1169508,1174739,2296478,2305422
4/7/2016,1174739,1179579,2305912,2313854
4/8/2016,1179579,1182310,2314070,2318563
4/9/2016,1182310,1185123,2318563,2321011
4/10/2016,1185123,1186339,2321011,2324001
4/11/2016,1186339,1191196,2324276,2333100
4/12/2016,1191196,1196826,2333633,2342458
4/13/2016,1196826,1202093,2342911,2351382
4/14/2016,1202093,1203948,2351755,2360083
4/15/2016,1203948,1209779,2360272,2365101
4/16/2016,1209779,1210521,2365101,2366366
4/17/2016,1210521,1211872,2366366,2369313
4/18/2016,1211872,1217681,2369646,2379084
4/19/2016,1217681,1223781,2379480,2389646
4/20/2016,1223781,1229837,2390198,2399968
4/21/2016,1229837,1235566,2400520,2409421
4/22/2016,1235566,1238991,2409782,2415144
4/23/2016,1238991,1240160,2415144,2417158
4/24/2016,1240160,1241975,2417158,2420872
4/25/2016,1241975,1247516,2421384,2431136
4/26/2016,1247516,1251844,2431814,2439926
4/27/2016,1251844,1256239,2440400,2448284
4/28/2016,1256239,1260566,2449060,2457602
4/29/2016,1260566,1263506,2458096,2463489
4/30/2016,1263506,1264515,2463489,2465712
5/1/2016,1264515,1266095,2465712,2469451
5/2/2016,1266095,1269889,2470030,2477884
5/3/2016,1269889,1272991,2478380,2484722
5/4/2016,1272991,1275182,2485100,2489388
5/5/2016,1275182,1275850,2489388,2490998
5/6/2016,1275850,1276517,2490998,2492300
5/7/2016,,,,
5/8/2016,,,,
5/9/2016,1276517,1277371,2492300,2493466
5/10/2016,1277371,1278105,2493466,2494799
5/11/2016,1278105,1278849,2494799,2496028
5/12/2016,1278849,1279780,2496028,2497566
5/13/2016,1279780,1280409,2497566,2498657
5/14/2016,1280409,1280564,2498657,2498975
5/15/2016,1280564,1280780,2498975,2499334
5/16/2016,1280780,1281802,2499334,2500936
5/17/2016,1281802,1282642,2500936,2502458
5/18/2016,1282642,1283597,2502458,2503964
5/19/2016,1283597,1284436,2503964,2505514
5/20/2016,1284436,1284909,2505514,2506459
5/21/2016,1284909,1285074,2506459,2506758
5/22/2016,1285074,1285312,2506758,2507152
5/23/2016,1285312,1286182,2507152,2508698
5/24/2016,1286182,1287054,2508698,2510028
5/25/2016,1287054,1288180,2510028,2511507
5/26/2016,1288180,1289030,2511507,2512758
5/27/2016,1289030,1289525,2512758,2513555
5/28/2016,1289525,1289531,2513555,2513837
5/29/2016,,,,
5/30/2016,,,,
5/31/2016,1289531,1290740,2513837,2515260
6/1/2016,1290740,1291716,2515260,2516644
6/2/2016,1291716,1292590,2516644,2517878
6/3/2016,1292590,1293236,2517878,2518995
6/4/2016,1293236,1293420,2518995,2519252
6/5/2016,1293420,1293620,2519252,2519594
6/6/2016,1293620,1294626,2519594,2521246
6/7/2016,1294626,1295726,2521246,2522974
6/8/2016,1295726,1296642,2522974,2524378
6/9/2016,1296642,1297552,2524378,2525948
6/10/2016,1297552,1298151,2525948,2527152
6/11/2016,1298151,1298324,2527152,2527399
6/12/2016,1298324,1298592,2527399,2527834
6/13/2016,1298592,1299710,2527834,2529554
6/14/2016,1299710,1300646,2529554,2531646
6/15/2016,1300646,1301808,2531646,2533458
6/16/2016,1301808,1302538,2533458,2535394
6/17/2016,1302538,1303192,2535394,2536528
6/18/2016,1303192,1303361,2536528,2536764
6/19/2016,1303361,1303532,2536764,2537044
6/20/2016,1303532,1304346,2537044,2538758
6/21/2016,1304346,1305280,2538758,2540336
6/22/2016,1305280,1306076,2540336,2541840
6/23/2016,1306076,1306860,2541840,2543526
6/24/2016,1306860,1307399,2543526,2544548
6/25/2016,1307399,1307570,2544548,2544765
6/26/2016,1307570,1307780,2544765,2545108
6/27/2016,1307780,1308588,2545108,2546794
6/28/2016,1308588,1309430,2546794,2548314
6/29/2016,1309430,1310366,2548314,2549914
6/30/2016,1310366,1311160,2549914,2551204
7/1/2016,1311160,1311678,2551204,2552032
7/2/2016,1311678,1311836,2552032,2552300
7/3/2016,,,,
7/4/2016,,,,
7/5/2016,1311836,1312675,2552300,2553558
7/6/2016,1312675,1313480,2553558,2554866
7/7/2016,1313480,1314168,2554866,2556032
7/8/2016,1314168,1314658,2556032,2556952
7/9/2016,1314658,1314856,2556952,2557275
7/10/2016,1314856,1315064,2557275,2557620
7/11/2016,1315064,1315942,2557620,2558788
7/12/2016,1315942,1316900,2558788,2560346
7/13/2016,1316900,1317868,2560346,2561734
7/14/2016,1317868,1318762,2561734,2563068
7/15/2016,1318762,1319312,2563068,2564087
7/16/2016,1319312,1319510,2564087,2564354
7/17/2016,1319510,1319754,2564354,2564698
7/18/2016,1319754,1320678,2564698,2565988
7/19/2016,1320678,1321580,2565988,2567522
7/20/2016,1321580,1322452,2567522,2568818
7/21/2016,1322452,1323326,2568818,2570196
7/22/2016,1323326,1323924,2570196,2571362
7/23/2016,,,,
7/24/2016,,,,
7/25/2016,1323924,1324704,2571362,2572649
7/26/2016,1324704,1325412,2572649,2573898
7/27/2016,1325412,1326101,2573898,2574933
7/28/2016,1326101,1326860,2574933,2576133
7/29/2016,1326860,1327337,2576133,2577034
7/30/2016,,,,
7/31/2016,,,,
8/1/2016,1327337,1327870,2577034,2577974
8/2/2016,1327870,1328346,2577974,2578799
8/3/2016,1328346,1328846,2578799,2579720
8/4/2016,1328846,1329362,2579720,2580578
8/5/2016,1329362,1329830,2580578,2581431
8/6/2016,,,,
8/7/2016,,,,
8/8/2016,1329830,1330385,2581431,2582304
8/9/2016,1330385,1330956,2582304,2583371
8/10/2016,1330956,1331553,2583371,2584398
8/11/2016,1331553,1332335,2584398,2585443
8/12/2016,1332335,1332833,2585443,2586485
8/13/2016,,,,
8/14/2016,,,,
8/15/2016,1332833,1333620,2586485,2588120
8/16/2016,1333620,1334610,2588120,2589898
8/17/2016,1334610,1335876,2589898,2591878
8/18/2016,1335876,1337287,2591878,2594556
8/19/2016,1337287,1338637,2594556,2596979
8/20/2016,1338637,1339409,2596979,2598244
8/21/2016,1339409,1340625,2598244,2600546
8/22/2016,1340625,1346313,2600620,2610284
8/23/2016,1346313,1352412,2610368,2619338
8/24/2016,1352412,1357774,2619506,2628906
8/25/2016,1357774,1362830,2629014,2637581
8/26/2016,1362830,1366143,2637704,2643071
8/27/2016,1366143,1366648,2643071,2644371
8/28/2016,1366648,1367840,2644371,2646998
8/29/2016,1367840,1373549,2647186,2656854
8/30/2016,1373549,1379142,2657080,2666158
8/31/2016,1379142,1384617,2666386,2675815
9/1/2016,1384617,1389248,2676040,2684219
9/2/2016,1389248,1391689,2684374,2688826
9/3/2016,1391689,1392068,2688826,2689572
9/4/2016,1392068,1392505,2689572,2690388
9/5/2016,,,,
9/6/2016,1392505,1398176,2690388,2700518
9/7/2016,1398176,1403639,2700786,2710200
9/8/2016,1403639,1408627,2710470,2718869
9/9/2016,1408627,1411668,2719056,2724486
9/10/2016,1411668,1412421,2724486,2726020
9/11/2016,1412421,1413566,2726020,2728630
9/12/2016,1413566,1419411,2728910,2739040
9/13/2016,1419411,1425129,2739380,2749238
9/14/2016,1425129,1431056,2749602,2759835
9/15/2016,1431056,1436422,2760262,2769178
9/16/2016,1436422,1439467,2769395,2774586
9/17/2016,1439467,1440100,2774586,2775847
9/18/2016,1440100,1441397,2775847,2778804
9/19/2016,1441397,1447130,2779100,2789358
9/20/2016,1447130,1452739,2789806,2799494
9/21/2016,1452739,1458531,2799802,2809942
9/22/2016,1458531,1463648,2810302,2819818
9/23/2016,1463648,1466596,2820074,2825024
9/24/2016,1466596,1467333,2825024,2826640
9/25/2016,1467333,1468481,2826640,2829330
9/26/2016,1468481,1474093,2829634,2839628
9/27/2016,1474093,1479350,2839912,2849212
9/28/2016,1479350,1484852,2849578,2858914
9/29/2016,1484852,1489769,2859225,2867738
9/30/2016,1489769,1492568,2868071,2872858
10/1/2016,1492568,1493080,2872858,2874071
10/2/2016,1493080,1494372,2874071,2877126
10/3/2016,1494372,1500395,2877506,2887666
10/4/2016,1500395,1505964,2888046,2897318
10/5/2016,1505964,1511499,2897750,2907573
10/6/2016,1511499,1516622,2908055,2916650
10/7/2016,1516622,1519306,2916898,2921778
10/8/2016,1519306,1519862,2921778,2922929
10/9/2016,1519862,1521169,2922929,2925920
10/10/2016,1521169,1526916,2931574,2936514
10/11/2016,1526916,1532624,2936916,2946410
10/12/2016,1532624,1538154,2946792,2956883
10/13/2016,1538154,1543089,2957348,2965922
10/14/2016,1543089,1545411,2966133,2969854
10/15/2016,1545411,1545631,2969854,2970303
10/16/2016,1545631,1545886,2970303,2970770
10/17/2016,1545886,1546484,2970770,2971900
10/18/2016,1546484,1547575,2971900,2974488
10/19/2016,1547575,1552699,2974689,2983472
10/20/2016,1552699,1557286,2983772,2991664
10/21/2016,1557286,1559986,2991888,2996944
10/22/2016,1559986,1560698,2996944,2998651
10/23/2016,1560698,1561941,2998651,3001749
10/24/2016,1561941,1567729,3001975,3011682
10/25/2016,1567729,1573562,3011937,3021798
10/26/2016,1573562,1579000,3022198,3031831
10/27/2016,1579000,1583999,3032199,3040051
10/28/2016,1583999,1586842,3040639,3045274
10/29/2016,1586842,1587363,3045274,3046421
10/30/2016,1587363,1588555,3046421,3049102
10/31/2016,1588555,1593667,3049375,3058340
11/1/2016,1593667,1599152,3058760,3068054
11/2/2016,1599152,1604624,3068640,3077922
11/3/2016,1604624,1609784,3078353,3086945
11/4/2016,1609784,1612425,3087268,3091835
11/5/2016,1612425,1613063,3091835,3093147
11/6/2016,1613063,1614249,3093147,3095968
11/7/2016,1614249,1619717,3096236,3106418
11/8/2016,1619717,1624710,3106750,3115584
11/9/2016,1624710,1629643,3115950,3125023
11/10/2016,1629643,1634751,3125333,3134000
11/11/2016,1634751,1637509,3134228,3138971
11/12/2016,1637509,1638193,3138971,3140638
11/13/2016,1638193,1639464,3140638,3143686
11/14/2016,1639464,1645203,3144040,3154286
11/15/2016,1645203,1650712,3154782,3164302
11/16/2016,1650712,1656005,3164776,3174352
11/17/2016,1656005,1661103,3174665,3183211
11/18/2016,1661103,1663870,3183516,3188339
11/19/2016,1663870,1664527,3188339,3189723
11/20/2016,1664527,1665682,3189723,3192522
11/21/2016,1665682,1670643,3192786,3201772
11/22/2016,1670643,1674104,3202050,3207984
11/23/2016,1674104,1674484,3207984,3208810
11/24/2016,,,,
11/25/2016,,,,
11/26/2016,1674484,1674741,3208810,3209225
11/27/2016,1674741,1675617,3209225,3211200
11/28/2016,1675617,1681965,3211436,3221848
11/29/2016,1681965,1686297,3222286,3232624
11/30/2016,1686297,1689465,3233222,3244446
12/1/2016,1689465,1692449,3245115,3255478
12/2/2016,1692449,1694175,3255952,3261829
12/3/2016,1694175,1694605,3261829,3264237
12/4/2016,1694605,1695311,3264237,3268254
12/5/2016,1695311,1698473,3268922,3279428
12/6/2016,1698473,1700477,3279946,3289222
12/7/2016,1700477,1702637,3289941,3298993
12/8/2016,1702637,1704253,3299698,3306972
12/9/2016,1704253,1705460,3307403,3312281
12/10/2016,1705460,1705977,3312281,3315297
12/11/2016,1705977,1706534,3315297,3318336
12/12/2016,1706534,1708152,3318836,3325524
12/13/2016,1708152,1709043,3325798,3329544
12/14/2016,1709043,1709414,3329597,3331300
12/15/2016,1709414,1709598,3331300,3332519
12/16/2016,1709598,1709746,3332519,3333342
12/17/2016,,,,
12/18/2016,,,,
12/19/2016,1709746,1709984,3333342,3334350
12/20/2016,1709984,1710138,3334350,3335122
12/21/2016,1710138,1710313,3335122,3335872
12/22/2016,1710313,1710530,3335872,3336540
12/23/2016,1710530,1710647,3336540,3337038
12/24/2016,,,,
12/25/2016,,,,
12/26/2016,,,,
12/27/2016,,,,
12/28/2016,,,,
12/29/2016,,,,
12/30/2016,,,,
12/31/2016,,,,
1/1/2017,,,,
1/2/2017,,,,
1/3/2017,1710647,1710872,3337038,3337880
1/4/2017,1710872,1711067,3337880,3338632
1/5/2017,1711067,1711258,3338632,3339526
1/6/2017,1711258,1711449,3339526,3340501
1/7/2017,,,,
1/8/2017,,,,
1/9/2017,,,,
1/10/2017,1711449,1711649,3340501,3341425
1/11/2017,1711649,1711912,3341425,3342508
1/12/2017,1711912,1712232,3342508,3343985
1/13/2017,1712232,1712544,3343985,3345318
1/14/2017,1712544,1712658,3345318,3345875
1/15/2017,1712658,1712880,3345875,3346750
1/16/2017,,,,
1/17/2017,1712880,1715260,3346750,3355192
1/18/2017,1715260,1717406,3355263,3362882
1/19/2017,1717406,1719465,3363014,3370185
1/20/2017,1719465,1720705,3370277,3374738
1/21/2017,1720705,1720951,3374738,3376121
1/22/2017,1720951,1721462,3376121,3378519
1/23/2017,1721462,1723873,3378654,3387652
1/24/2017,1723873,1726393,3387820,3396390
1/25/2017,1726393,1728685,3396572,3404888
1/26/2017,1728685,1730936,3405081,3412742
1/27/2017,1730936,1732261,3412918,3417676
1/28/2017,1732261,1732544,3417676,3418876
1/29/2017,1732544,1733016,3418876,3421459
1/30/2017,1733016,1735566,3421578,3430644
1/31/2017,1735566,1738056,3430859,3439380
2/1/2017,1738056,1740411,3439568,3447922
2/2/2017,1740411,1742600,3448125,3455920
2/3/2017,1742600,1743872,3455994,3460809
2/4/2017,1743872,1744162,3460809,3462393
2/5/2017,1744162,1744592,3462393,3464646
2/6/2017,1744592,1747204,3464810,3473954
2/7/2017,1747204,1749900,3474327,3483342
2/8/2017,1749900,1752401,3483632,3492204
2/9/2017,1752401,1754967,3492487,3500920
2/10/2017,1754967,1756339,3501091,3505785
2/11/2017,1756339,1756600,3505785,3507060
2/12/2017,1756600,1757173,3507060,3509798
2/13/2017,1757173,1759752,3509998,3519082
2/14/2017,1759752,1762238,3519373,3527804
2/15/2017,1762238,1764732,3528068,3537154
2/16/2017,1764732,1767410,3537487,3546636
2/17/2017,1767410,1768679,3546853,3551394
2/18/2017,1768679,1769000,3551394,3552671
2/19/2017,1769000,1769538,3552671,3555336
2/20/2017,1769538,1772057,3555592,3564394
2/21/2017,1772057,1774648,3564658,3573322
2/22/2017,1774648,1777211,3573618,3582578
2/23/2017,1777211,1779459,3582860,3590578
2/24/2017,1779459,1780734,3590795,3595032
2/25/2017,1780734,1781096,3595032,3596519
2/26/2017,1781096,1781674,3596519,3599262
2/27/2017,1781674,1784235,3599516,3608688
2/28/2017,1784235,1786786,3609082,3617900
3/1/2017,1786786,1789318,3618254,3626884
3/2/2017,1789318,1791875,3627223,3635274
3/3/2017,1791875,1793164,3635492,3640194
3/4/2017,1793164,1793451,3640194,3641616
3/5/2017,1793451,1794081,3641616,3644620
3/6/2017,1794081,1796751,3644885,3654240
3/7/2017,1796751,1799500,3654641,3663720
3/8/2017,1799500,1802010,3664100,3673276
3/9/2017,1802010,1804287,3673694,3681636
3/10/2017,1804287,1805370,3681947,3685580
3/11/2017,1805370,1805465,3685580,3686037
3/12/2017,1805465,1805554,3686037,3686362
3/13/2017,1805554,1805783,3686362,3687402
3/14/2017,1805783,1806036,3687402,3688462
3/15/2017,1806036,1806248,3688462,3689388
3/16/2017,1806248,1806464,3689388,3690339
3/17/2017,1806464,1806673,3690339,3691265
3/18/2017,1806673,1806786,3691265,3691686
3/19/2017,1806786,1807114,3691686,3693132
3/20/2017,1807114,1809518,3693279,3701088
3/21/2017,1809518,1812076,3701298,3709544
3/22/2017,1812076,1814554,3709942,3718578
3/23/2017,1814554,1816926,3718922,3727052
3/24/2017,1816926,1818181,3727358,3731662
3/25/2017,1818181,1818569,3731662,3733113
3/26/2017,1818569,1819172,3733113,3735805
3/27/2017,1819172,1821827,3736057,3744948
3/28/2017,1821827,1824571,3745486,3754320
3/29/2017,1824571,1827149,3754692,3763298
3/30/2017,1827149,1829435,3763762,3771666
3/31/2017,1829435,1830687,3771970,3776401
4/1/2017,1830687,1831019,3776401,3777937
4/2/2017,1831019,1831546,3777937,3780659
4/3/2017,1831546,1834012,3780999,3789520
4/4/2017,1834012,1836529,3789944,3798428
4/5/2017,1836529,1839020,3798865,3807570
4/6/2017,1839020,1841628,3807963,3816522
4/7/2017,1841628,1843032,3816875,3821724
4/8/2017,1843032,1843885,3821724,3823438
4/9/2017,1843885,1844412,3823438,3825860
4/10/2017,1844412,1847006,3826118,3834268
4/11/2017,1847006,1849602,3834675,3843262
4/12/2017,1849602,1852062,3843726,3852058
4/13/2017,1852062,1853948,3852419,3858265
4/14/2017,0,0,,
4/15/2017,1853948,1854322,3858265,3858844
4/16/2017,1854322,1855097,3858844,3860190
4/17/2017,1855097,1859738,3860426,3868848
4/18/2017,1859738,1862382,3869257,3878050
4/19/2017,1862382,1865040,3878596,3887538
4/20/2017,1865040,1867566,3889320,3895564
4/21/2017,1867566,1868827,3895862,3899928
4/22/2017,1868827,1869387,3899928,3901630
4/23/2017,1869387,1870324,3901630,3904299
4/24/2017,1870324,1873978,3904598,3913960
4/25/2017,1873978,1879552,3914398,3924158
4/26/2017,1879552,1885194,3924774,3934434
4/27/2017,1885194,1890551,3935190,3943312
4/28/2017,1890551,1893469,3943776,3948596
4/29/2017,1893469,1894358,3948596,3950434
4/30/2017,1894358,1896118,3950434,3954012
5/1/2017,1896118,1901362,3954460,3963744
5/2/2017,1901362,1905494,3964298,3971824
5/3/2017,1905494,1909468,3972299,3979928
5/4/2017,1909468,1913684,3980922,3988880
5/5/2017,1913684,1916428,3989386,3994210
5/6/2017,1916428,1917397,3994210,3996188
5/7/2017,1917397,1919023,3996188,3999843
5/8/2017,1919023,1922791,3999990,4007188
5/9/2017,1922791,1925717,4007756,4013964
5/10/2017,1925717,1927992,4014386,4018144
5/11/2017,1927992,1928762,4018144,4019505
5/12/2017,1928762,1929202,4019505,4020549
5/13/2017,,,,
5/14/2017,,,,
5/15/2017,1929202,1930077,4020549,4021733
5/16/2017,1930077,1930680,4021733,4022600
5/17/2017,1930680,1931343,4022600,4024038
5/18/2017,1931343,1932400,4024038,4025504
5/19/2017,1932400,1932936,4025504,4026434
5/20/2017,1932936,1933105,4026434,4026715
5/21/2017,1933105,1933260,4026715,4026880
5/22/2017,1933260,1934026,4026880,4028308
5/23/2017,1934026,1934700,4028308,4029630
5/24/2017,1934700,1935443,4029630,4030998
5/25/2017,1935443,1936230,4030998,4032284
5/26/2017,1936230,1936723,4032284,4033119
5/27/2017,1936723,1936851,4033119,4033364
5/28/2017,,,,
5/29/2017,,,,
5/30/2017,1936851,1937670,4033364,4034674
5/31/2017,1937670,1938550,4034674,4035954
6/1/2017,1938550,1939385,4035954,4037349
6/2/2017,1939385,1939973,4037349,4038551
6/3/2017,1939973,1940124,4038551,4038838
6/4/2017,1940124,1940305,4038838,4039160
6/5/2017,1940305,1941108,4039160,4040640
6/6/2017,1941108,1942208,4040640,4042130
6/7/2017,1942208,1942852,4042130,4043526
6/8/2017,1942852,1943590,4043526,4044870
6/9/2017,1943590,1944048,4044870,4045778
6/10/2017,1944048,1944200,4045778,4046022
6/11/2017,1944200,1944276,4046022,4046356
6/12/2017,1944276,1945160,4046356,4048044
6/13/2017,1945160,1946012,4048044,4049500
6/14/2017,1946012,1946786,4049500,4050862
6/15/2017,1946786,1947954,4050862,4052532
6/16/2017,1947954,1948177,4052532,4053542
6/17/2017,1948177,1948320,4053542,4053795
6/18/2017,1948320,1948552,4053795,4054100
6/19/2017,1948552,1949294,4054100,4055676
6/20/2017,1949294,1950246,4055676,4057356
6/21/2017,1950246,1951106,4057356,4059284
6/22/2017,1951106,1951924,4059284,4060568
6/23/2017,1951924,1952333,4060568,4061749
6/24/2017,1952333,1952586,4061749,4062433
6/25/2017,1952586,1952766,4062433,4062742
6/26/2017,1952766,1953506,4062742,4064148
6/27/2017,1953506,1954416,4064148,4065459
6/28/2017,1954416,1955148,4065459,4066679
6/29/2017,1955148,1955930,4066679,4068150
6/30/2017,1955930,1956477,4068150,4069239
7/1/2017,1956477,1956637,4069239,4069501
7/2/2017,1956637,1956832,4069501,4069836
7/3/2017,1956832,1957416,4069836,4070824
7/4/2017,,,,
7/5/2017,1957416,1958100,4070824,4071982
7/6/2017,1958100,1958810,4071982,4073202
7/7/2017,1958810,1959305,4073202,4074074
7/8/2017,1959305,1959455,4074074,4074344
7/9/2017,1959455,1959652,4074344,4074638
7/10/2017,1959652,1960450,4074638,4075964
7/11/2017,1960450,1961220,4075964,4077184
7/12/2017,1961220,1962052,4077184,4078510
7/13/2017,1962052,1962806,4078510,4079898
7/14/2017,1962806,1963355,4079898,4081022
7/15/2017,1963355,1963509,4081022,4081283
7/16/2017,1963509,1963706,4081283,4081578
7/17/2017,1963706,1964560,4081578,4082878
7/18/2017,1964560,1965380,4082878,4084038
7/19/2017,1965380,1966170,4084038,4085316
7/20/2017,1966170,1966980,4085316,4086561
7/21/2017,1966980,1967489,4086561,4087465
7/22/2017,1967489,1967683,4087465,4087730
7/23/2017,1967683,1967880,4087730,4088102
7/24/2017,1967880,1968710,4088102,4089436
7/25/2017,1968710,1969476,4089436,4090870
7/26/2017,1969476,1970150,4090870,4092137
7/27/2017,1970150,1970892,4092137,4093466
7/28/2017,1970892,1971516,4093466,4094322
7/29/2017,0,0,,
7/30/2017,0,0,,
7/31/2017,1971516,1972020,4094322,4095208
8/1/2017,1972020,1972100,4095208,4096412
8/2/2017,1972100,1972270,4096412,4097220
8/3/2017,1972270,1972440,4097220,4098164
8/4/2017,1972440,1972912,4098164,4098870
8/5/2017,,,,
8/6/2017,,,,
8/7/2017,1972912,1973517,4098870,4100031
8/8/2017,1973517,1974118,4100031,4101187
8/9/2017,1974118,1974901,4101187,4102585
8/10/2017,1974901,1975900,4102585,4104428
8/11/2017,1975900,1977007,4104428,4106144
8/12/2017,1977007,1977454,4106144,4106990
8/13/2017,1977454,1978080,4106990,4108116
8/14/2017,1978080,1979776,4108116,4111400
8/15/2017,1979776,1984802,4111400,4119673
8/16/2017,1984802,1990909,4119673,4128226
8/17/2017,1990909,1995919,4128226,4136245
8/18/2017,1995919,1998746,4136245,4141131
8/19/2017,1998746,1999272,4141131,4142271
8/20/2017,1999272,2000301,4142271,4144427
8/21/2017,2000301,2006389,4144548,4154300
8/22/2017,2006389,2011444,4154442,4162920
8/23/2017,2011444,2016617,4163090,4172077
8/24/2017,2016617,2021410,4172233,4180047
8/25/2017,2021410,2024101,4180214,4184731
8/26/2017,2024101,2024723,4184731,4185927
8/27/2017,2024723,2025760,4185927,4188152
8/28/2017,2025760,2030993,4188298,4197536
8/29/2017,2030993,2035764,4197732,4206348
8/30/2017,2035764,2038580,4206538,4215670
8/31/2017,2038580,2042682,4215894,4224371
9/1/2017,2042682,2044847,4224524,4228325
9/2/2017,2044847,2045199,4228325,4229651
9/3/2017,2045199,2045389,4229651,4229874
9/4/2017,,,,
9/5/2017,2045389,2048046,4229874,4239396
9/6/2017,2048046,2051219,4239633,4249315
9/7/2017,2051219,2054163,4249560,4258488
9/8/2017,2054163,2055460,4258721,4263087
9/9/2017,2055460,2055719,4263087,4264276
9/10/2017,2055719,2056781,4264276,4266746
9/11/2017,2056781,2062182,4266954,4276258
9/12/2017,2062182,2067108,4276546,4285824
9/13/2017,2067108,2072321,4286154,4295792
9/14/2017,2072321,2077153,4296037,4304339
9/15/2017,2077153,2079811,4304557,4309044
9/16/2017,2079811,2080281,4309044,4310174
9/17/2017,2080281,2081394,4310174,4312283
9/18/2017,2081394,2086641,4313144,4322590
9/19/2017,2086641,2091673,4322950,4331944
9/20/2017,2091673,2096872,4332234,4341314
9/21/2017,2096872,2101798,4341573,4349607
9/22/2017,2101798,2104507,4349854,4354335
9/23/2017,2104507,2105162,4354335,4355694
9/24/2017,2105162,2106215,4355694,4358538
9/25/2017,2106215,2111365,4358820,4368280
9/26/2017,2111365,2116479,4368613,4377822
9/27/2017,2116479,2121684,4378153,4387603
9/28/2017,2121684,2126631,4388031,4396480
9/29/2017,2126631,2128059,4396717,4401205
9/30/2017,2128059,2128309,4401205,4402443
10/1/2017,2128309,2128814,4402443,4405150
10/2/2017,2128814,2131455,4405382,4415020
10/3/2017,2131455,2133886,4415266,4424584
10/4/2017,2133886,2138589,4424987,4434186
10/5/2017,2138589,2141011,4434609,4442277
10/6/2017,2141011,2143023,4442497,4445932
10/7/2017,2143023,2143205,4445932,4446380
10/8/2017,2143205,2143424,4446380,4446880
10/9/2017,2143424,2144070,4446880,4448042
10/10/2017,2144070,2145097,4448042,4450625
